mlsId,price,beds,baths,address,sqFt,parking,taxes,pricePerSqFt,yearBuilt,propertyType,soldDate,listingDate,listingPrice
R2899057,480000.0,1,1,"15265 Roper Ave, White Rock, BC, Canada",693.0,1,1608.0,611.0,1974.0,Condo,26/06/2024,2024-06-25,424000.0
R2898776,1700000.0,2,2,"1501 Vidal St, White Rock, BC, Canada",1288.0,2,5488.0,1303.0,2017.0,Condo,25/06/2024,2024-06-24,1679000.0
R2881426,517500.0,1,1,"1488 Merklin St, White Rock, BC, Canada",1041.0,1,2051.0,509.0,1991.0,Condo,24/06/2024,2024-05-08,529900.0
R2897027,525000.0,2,2,"1467 Best St, White Rock, BC, Canada",970.0,1,2059.0,555.0,1990.0,Condo,22/06/2024,2024-06-18,538900.0
R2894154,477000.0,2,1,"1330 Martin St, White Rock, BC, Canada",828.0,1,1892.0,573.0,1974.0,Condo,22/06/2024,2024-06-18,474800.0
R2889259,970000.0,2,2,"15165 Thrift Ave, White Rock, BC, Canada",985.0,1,3485.0,1014.0,2020.0,Condo,20/06/2024,2024-06-02,999000.0
R2895114,589000.0,2,2,"1531 Merklin St, White Rock, BC, Canada",1066.0,1,2041.0,552.0,1981.0,Condo,19/06/2024,2024-06-13,589000.0
R2887197,588000.0,2,1,"15991 Thrift Ave, White Rock, BC, Canada",881.0,1,2567.0,702.0,1990.0,Condo,19/06/2024,2024-05-26,619000.0
R2894439,500000.0,2,2,"1459 Blackwood St, White Rock, BC, Canada",1040.0,1,2011.0,489.0,1987.0,Condo,19/06/2024,2024-06-12,509000.0
R2892564,688800.0,1,1,"1501 Foster St, White Rock, BC, Canada",687.0,0,2842.0,1048.0,2021.0,Condo,18/06/2024,2024-06-09,720000.0
R2886597,1085000.0,2,2,"15445 Vine Ave, White Rock, BC, Canada",1382.0,2,4465.0,795.0,2005.0,Condo,18/06/2024,2024-05-23,1099000.0
R2886766,1925000.0,6,4,"15571 Goggs Ave, White Rock, BC, Canada",2978.0,3,8098.0,664.0,2016.0,SingleFamily,17/06/2024,2024-05-23,1979999.0
R2891453,880000.0,2,2,"1333 Winter St, White Rock, BC, Canada",987.0,1,3226.0,910.0,2013.0,Condo,17/06/2024,2024-06-05,899000.0
R2888978,520000.0,2,1,"1561 Vidal St, White Rock, BC, Canada",1091.0,1,2139.0,484.0,1974.0,Condo,15/06/2024,2024-05-29,529000.0
R2872003,475000.0,2,2,"1360 Martin St, White Rock, BC, Canada",946.0,0,1898.0,528.0,1973.0,Condo,14/06/2024,2024-04-17,499900.0
R2880512,630500.0,2,2,"1119 Vidal St, White Rock, BC, Canada",1045.0,1,2495.0,622.0,1997.0,Condo,13/06/2024,2024-05-06,650000.0
R2883712,1200000.0,3,2,"14985 Victoria Ave, White Rock, BC, Canada",1821.0,2,3931.0,707.0,1982.0,Townhouse,12/06/2024,2024-05-19,1288000.0
R2860628,775000.0,2,2,"15367 Buena Vista Ave, White Rock, BC, Canada",1362.0,1,2977.0,586.0,1990.0,Condo,12/06/2024,2024-03-14,799000.0
R2883872,845000.0,2,2,"1551 Foster St, White Rock, BC, Canada",1274.0,1,3238.0,667.0,2005.0,Condo,11/06/2024,2024-05-14,849900.0
R2887718,1232000.0,2,2,"1441 Johnston Rd, White Rock, BC, Canada",973.0,1,4020.0,1305.0,2020.0,Condo,07/06/2024,2024-05-27,1270000.0
R2888696,551000.0,2,1,"15265 Roper Ave, White Rock, BC, Canada",932.0,1,1998.0,563.0,1974.0,Condo,06/06/2024,2024-05-27,524800.0
R2886321,967500.0,2,2,"14855 Thrift Ave, White Rock, BC, Canada",1054.0,2,3826.0,928.0,2015.0,Condo,06/06/2024,2024-05-23,979000.0
R2884071,1465000.0,3,2,"1227 Finlay St, White Rock, BC, Canada",1594.0,6,5475.0,940.0,1985.0,SingleFamily,05/06/2024,2024-05-15,1499900.0
R2887451,1595000.0,0,0,"13615 Marine Dr, White Rock, BC, Canada",2110.0,6,6928.0,710.0,1978.0,SingleFamily,05/06/2024,2024-05-26,1499000.0
R2859737,750000.0,1,1,"14855 Thrift Ave, White Rock, BC, Canada",950.0,1,2804.0,806.0,2014.0,Condo,04/06/2024,2024-03-13,765900.0
R2886687,1118000.0,2,1,"15586 Columbia Ave, White Rock, BC, Canada",1314.0,2,4638.0,866.0,1930.0,SingleFamily,01/06/2024,2024-05-21,1138000.0
R2886659,1550000.0,5,3,"13901 Malabar Ave, White Rock, BC, Canada",2649.0,6,7058.0,585.0,1969.0,SingleFamily,01/06/2024,2024-05-20,1550000.0
R2846874,440000.0,1,1,"1355 Fir St, White Rock, BC, Canada",829.0,1,1617.0,542.0,1970.0,Condo,01/06/2024,2024-02-04,449900.0
R2869979,515000.0,2,1,"1526 George St, White Rock, BC, Canada",898.0,1,2059.0,578.0,1979.0,Condo,30/05/2024,2024-04-09,519900.0
R2876569,1100000.0,2,1,"15651 Thrift Ave, White Rock, BC, Canada",1070.0,4,5591.0,933.0,1958.0,SingleFamily,28/05/2024,2024-04-29,999000.0
R2848658,755000.0,2,2,"14022 N Bluff Rd, White Rock, BC, Canada",866.0,2,3375.0,922.0,2019.0,Condo,27/05/2024,2024-02-12,799000.0
R2877998,490000.0,1,1,"14820 Buena Vista Ave, White Rock, BC, Canada",506.0,1,2055.0,986.0,2017.0,Condo,26/05/2024,2024-04-30,499000.0
R2884445,419900.0,2,2,"1355 Winter St, White Rock, BC, Canada",978.0,1,1939.0,429.0,1981.0,Condo,25/05/2024,2024-05-21,419900.0
R2867502,533000.0,2,2,"1447 Best St, White Rock, BC, Canada",1050.0,1,2143.0,523.0,1989.0,Condo,25/05/2024,2024-04-08,549900.0
R2853143,530000.0,2,1,"1588 Best St, White Rock, BC, Canada",911.0,2,2182.0,592.0,1996.0,Condo,24/05/2024,2024-02-28,540000.0
R2862091,2091000.0,3,3,"1501 Foster St, White Rock, BC, Canada",2060.0,3,6295.0,1043.0,2022.0,Condo,21/05/2024,2024-03-26,2149000.0
R2883126,969000.0,2,2,"15165 Marine Dr, White Rock, BC, Canada",1159.0,1,3082.0,836.0,1989.0,Condo,19/05/2024,2024-05-13,969000.0
R2878507,629999.0,2,2,"1378 George St, White Rock, BC, Canada",1091.0,1,2216.0,577.0,1993.0,Condo,19/05/2024,2024-05-08,629999.0
R2873838,780000.0,2,2,"15389 Roper Ave, White Rock, BC, Canada",1020.0,1,3418.0,783.0,2011.0,Condo,19/05/2024,2024-04-21,799000.0
R2883036,1313000.0,3,2,"1338 Stevens St, White Rock, BC, Canada",2052.0,3,6081.0,677.0,1972.0,SingleFamily,19/05/2024,2024-05-14,1389785.0
R2878262,545000.0,2,2,"15210 Pacific Ave, White Rock, BC, Canada",780.0,1,2128.0,717.0,1998.0,Condo,19/05/2024,2024-04-30,560000.0
R2878879,737000.0,2,2,"1153 Vidal St, White Rock, BC, Canada",1237.0,1,2876.0,621.0,1996.0,Condo,17/05/2024,2024-05-02,769000.0
R2872369,3085000.0,4,3,"14732 Upper Roper Ave, White Rock, BC, Canada",4170.0,3,13000.0,812.0,1998.0,SingleFamily,17/05/2024,2024-04-17,3388000.0
R2846245,2420000.0,4,5,"15999 Columbia Ave, White Rock, BC, Canada",4052.0,6,10272.0,663.0,2018.0,SingleFamily,17/05/2024,2024-01-31,2688000.0
R2877084,450000.0,0,1,"15152 Russell Ave, White Rock, BC, Canada",502.0,1,1761.0,994.0,2007.0,Condo,16/05/2024,2024-04-27,499000.0
R2882846,475000.0,2,1,"1341 George St, White Rock, BC, Canada",920.0,1,1895.0,531.0,1981.0,Condo,15/05/2024,2024-05-13,489000.0
R2858065,999900.0,2,2,"1526 Finlay St, White Rock, BC, Canada",1121.0,1,3878.0,891.0,2022.0,Condo,15/05/2024,2024-03-07,999900.0
R2880801,560000.0,2,2,"14965 Marine Dr, White Rock, BC, Canada",1235.0,1,2428.0,468.0,1994.0,Condo,13/05/2024,2024-05-07,578800.0
R2864402,404000.0,1,1,"1561 Vidal St, White Rock, BC, Canada",723.0,1,1699.0,564.0,1974.0,Condo,12/05/2024,2024-03-31,408000.0
R2879335,600000.0,2,2,"1575 Best St, White Rock, BC, Canada",1076.0,1,2415.0,566.0,1993.0,Condo,12/05/2024,2024-05-05,609900.0
R2871565,830000.0,3,2,"15213 Pacific Ave, White Rock, BC, Canada",1397.0,1,2811.0,608.0,1993.0,Condo,12/05/2024,2024-04-16,850000.0
R2880227,711000.0,2,2,"1450 Merklin St, White Rock, BC, Canada",1375.0,2,2499.0,507.0,1991.0,Condo,12/05/2024,2024-05-06,698000.0
R2880775,836800.0,2,2,"15152 Russell Ave, White Rock, BC, Canada",953.0,1,3246.0,880.0,2008.0,Condo,11/05/2024,2024-05-07,838800.0
R2844036,1335000.0,2,2,"1439 George St, White Rock, BC, Canada",1380.0,2,3881.0,978.0,2021.0,Condo,10/05/2024,2024-01-22,1350000.0
R2861404,999900.0,2,2,"1526 Finlay St, White Rock, BC, Canada",1091.0,2,3774.0,916.0,2022.0,Condo,10/05/2024,2024-03-17,999900.0
R2878114,1700000.0,4,3,"14684 W Beach Ave, White Rock, BC, Canada",3056.0,3,9345.0,555.0,1990.0,SingleFamily,07/05/2024,2024-04-30,1699000.0
R2864134,835000.0,1,1,"1501 Foster St, White Rock, BC, Canada",806.0,1,3180.0,1103.0,2022.0,Condo,07/05/2024,2024-03-27,889800.0
R2872257,775000.0,2,2,"15466 N Bluff Rd, White Rock, BC, Canada",1710.0,2,3006.0,461.0,1996.0,Condo,07/05/2024,2024-04-16,790000.0
R2873617,629500.0,1,1,"15152 Russell Ave, White Rock, BC, Canada",787.0,1,2638.0,824.0,2008.0,Condo,06/05/2024,2024-04-20,649000.0
R2879664,869900.0,2,2,"1441 Johnston Rd, White Rock, BC, Canada",930.0,1,3447.0,935.0,2020.0,Condo,06/05/2024,2024-05-05,869900.0
R2877117,899649.0,2,2,"15210 Pacific Ave, White Rock, BC, Canada",1335.0,2,2061.0,673.0,1999.0,Condo,05/05/2024,2024-04-29,899649.0
R2854662,525000.0,2,1,"1437 Foster St, White Rock, BC, Canada",1092.0,1,2143.0,502.0,1975.0,Condo,05/05/2024,2024-02-29,549000.0
R2847691,1030900.0,2,2,"1526 Finlay St, White Rock, BC, Canada",1094.0,2,3788.0,942.0,2022.0,Condo,05/05/2024,2024-02-04,1030900.0
R2850688,525000.0,2,2,"15111 Russell Ave, White Rock, BC, Canada",1152.0,1,2018.0,494.0,1988.0,Condo,05/05/2024,2024-02-17,569900.0
R2877256,528000.0,1,1,"15357 Roper Ave, White Rock, BC, Canada",620.0,1,2085.0,851.0,2011.0,Condo,05/05/2024,2024-05-05,528000.0
R2861305,895000.0,2,2,"15367 Buena Vista Ave, White Rock, BC, Canada",1551.0,1,3202.0,580.0,1990.0,Condo,05/05/2024,2024-03-19,899900.0
R2876493,5150000.0,4,4,"14479 Marine Dr, White Rock, BC, Canada",5127.0,4,15502.0,975.0,2017.0,SingleFamily,05/05/2024,2024-04-28,4999900.0
R2866635,1125000.0,0,2,"15611 Marine Dr, White Rock, BC, Canada",931.0,0,2116.0,1262.0,2003.0,Condo,04/05/2024,2024-04-03,1175000.0
R2874547,1300000.0,2,0,"15152 Russell Ave, White Rock, BC, Canada",1293.0,2,4074.0,1043.0,2008.0,Condo,04/05/2024,2024-04-22,1349000.0
R2850658,1440000.0,4,2,"15917 Goggs Ave, White Rock, BC, Canada",2500.0,5,5322.0,599.0,1972.0,SingleFamily,04/05/2024,2024-02-18,1498000.0
R2876192,1353000.0,4,1,"15840 Russell Ave, White Rock, BC, Canada",2049.0,3,5803.0,682.0,1971.0,SingleFamily,04/05/2024,2024-04-29,1398000.0
R2875955,562500.0,2,2,"1280 Merklin St, White Rock, BC, Canada",896.0,1,2392.0,646.0,2001.0,Condo,03/05/2024,2024-04-25,579000.0
R2846491,1510000.0,4,1,"13879 Coldicutt Ave, White Rock, BC, Canada",2341.0,4,6878.0,681.0,1969.0,SingleFamily,01/05/2024,2024-02-04,1595000.0
R2855008,832000.0,2,2,"1455 George St, White Rock, BC, Canada",987.0,2,3764.0,910.0,2013.0,Condo,01/05/2024,2024-03-04,899000.0
R2870824,784900.0,2,1,"1501 Foster St, White Rock, BC, Canada",806.0,1,3084.0,991.0,2022.0,Condo,01/05/2024,2024-04-14,798800.0
R2871692,1620000.0,4,3,"13873 Blackburn Ave, White Rock, BC, Canada",2444.0,6,6805.0,654.0,1967.0,SingleFamily,30/04/2024,2024-04-14,1599000.0
R2857981,667000.0,2,1,"1322 Martin St, White Rock, BC, Canada",1111.0,1,2041.0,602.0,1973.0,Condo,28/04/2024,2024-03-17,669800.0
R2849388,485000.0,2,1,"1354 Winter St, White Rock, BC, Canada",1009.0,1,2024.0,495.0,1983.0,Condo,28/04/2024,2024-02-25,499998.0
R2874620,676500.0,2,2,"1378 Fir St, White Rock, BC, Canada",1324.0,1,2667.0,509.0,1986.0,Condo,26/04/2024,2024-04-23,674900.0
R2864042,855000.0,2,2,"1441 Johnston Rd, White Rock, BC, Canada",900.0,1,3771.0,954.0,2020.0,Condo,25/04/2024,2024-03-27,859000.0
R2872258,1695000.0,2,2,"15165 Thrift Ave, White Rock, BC, Canada",1163.0,2,5500.0,1461.0,2020.0,Condo,25/04/2024,2024-04-17,1700000.0
R2852720,640000.0,1,1,"1441 Johnston Rd, White Rock, BC, Canada",648.0,1,2656.0,1001.0,2020.0,Condo,22/04/2024,2024-02-27,649000.0
R2856568,520000.0,1,1,"1588 Best St, White Rock, BC, Canada",712.0,1,1981.0,742.0,1995.0,Condo,21/04/2024,2024-03-03,529000.0
R2866380,1200000.0,2,2,"15152 Russell Ave, White Rock, BC, Canada",1282.0,2,4371.0,1033.0,2009.0,Condo,20/04/2024,2024-04-03,1325000.0
R2868428,1235900.0,3,2,"1526 Finlay St, White Rock, BC, Canada",1367.0,2,4347.0,904.0,2022.0,Condo,19/04/2024,2024-04-08,1235900.0
R2834559,580000.0,2,2,"1400 George St, White Rock, BC, Canada",1294.0,1,2380.0,459.0,1990.0,Condo,18/04/2024,2023-11-23,595000.0
R2864868,780000.0,1,1,"15015 Victoria Ave, White Rock, BC, Canada",1058.0,1,3502.0,754.0,1987.0,Condo,18/04/2024,2024-04-01,798000.0
R2861907,450000.0,2,1,"1341 George St, White Rock, BC, Canada",775.0,1,1775.0,592.0,1981.0,Condo,17/04/2024,2024-03-20,459000.0
R2824109,2700000.0,3,3,"1526 Finlay St, White Rock, BC, Canada",2358.0,3,6709.0,1225.0,2022.0,Condo,15/04/2024,2023-10-09,2889000.0
R2821978,1050000.0,2,2,"15445 Vine Ave, White Rock, BC, Canada",1367.0,2,3712.0,789.0,2005.0,Condo,14/04/2024,2023-10-04,1079900.0
R2868786,580000.0,2,2,"1473 Blackwood St, White Rock, BC, Canada",1016.0,1,2105.0,590.0,1984.0,Condo,13/04/2024,2024-04-08,599900.0
R2857524,1300000.0,3,2,"14985 Victoria Ave, White Rock, BC, Canada",1842.0,2,3957.0,732.0,1981.0,Townhouse,13/04/2024,2024-03-10,1350000.0
R2864065,780000.0,2,2,"15941 Marine Dr, White Rock, BC, Canada",1205.0,1,2925.0,653.0,1993.0,Condo,11/04/2024,2024-03-31,788000.0
R2863338,1200000.0,2,2,"14855 Thrift Ave, White Rock, BC, Canada",1149.0,3,5172.0,1087.0,2014.0,Condo,10/04/2024,2024-03-26,1249000.0
R2851000,847000.0,2,2,"1473 Johnston Rd, White Rock, BC, Canada",954.0,1,3177.0,900.0,2009.0,Condo,08/04/2024,2024-02-19,859000.0
R2865696,615000.0,2,1,"15466 N Bluff Rd, White Rock, BC, Canada",1175.0,2,2201.0,536.0,1996.0,Condo,08/04/2024,2024-04-04,629900.0
R2864475,640000.0,1,1,"1441 Johnston Rd, White Rock, BC, Canada",635.0,1,2601.0,1021.0,2020.0,Condo,07/04/2024,2024-04-01,648800.0
R2866801,825000.0,2,2,"15367 Buena Vista Ave, White Rock, BC, Canada",1336.0,1,2967.0,598.0,1990.0,Condo,07/04/2024,2024-04-07,799800.0
R2846708,1216000.0,2,1,"15963 Marine Dr, White Rock, BC, Canada",1010.0,0,5600.0,1276.0,1947.0,SingleFamily,07/04/2024,2024-02-04,1289500.0
R2852958,1300000.0,2,1,"15025 Victoria Ave, White Rock, BC, Canada",1302.0,1,4264.0,1036.0,1986.0,Condo,05/04/2024,2024-02-22,1350000.0
R2845982,1295000.0,2,2,"1439 George St, White Rock, BC, Canada",1184.0,2,4924.0,1097.0,2021.0,Condo,04/04/2024,2024-01-31,1299900.0
R2855433,1500000.0,5,2,"15858 Goggs Ave, White Rock, BC, Canada",2141.0,4,6391.0,709.0,1971.0,SingleFamily,02/04/2024,2024-03-04,1519785.0
R2852695,580000.0,1,1,"14022 N Bluff Rd, White Rock, BC, Canada",672.0,2,2360.0,877.0,2020.0,Condo,31/03/2024,2024-02-26,589999.0
R2857430,1910000.0,2,3,"1352 Oxford St, White Rock, BC, Canada",2352.0,4,9380.0,931.0,1935.0,SingleFamily,31/03/2024,2024-03-07,2190000.0
R2863125,578000.0,2,2,"15041 Prospect Ave, White Rock, BC, Canada",1174.0,1,2421.0,493.0,1974.0,Condo,31/03/2024,2024-03-25,579000.0
R2845046,430000.0,2,2,"1355 Winter St, White Rock, BC, Canada",877.0,1,1911.0,512.0,1981.0,Condo,30/03/2024,2024-01-28,449900.0
R2865258,860000.0,1,1,"1500 Martin St, White Rock, BC, Canada",806.0,1,3184.0,1066.0,2022.0,Condo,29/03/2024,2024-03-27,860000.0
R2845989,663500.0,1,1,"15165 Thrift Ave, White Rock, BC, Canada",607.0,2,2383.0,1102.0,2020.0,Condo,26/03/2024,2024-01-31,669000.0
R2858677,785000.0,2,2,"1350 Vidal St, White Rock, BC, Canada",1316.0,0,3442.0,588.0,1984.0,Condo,24/03/2024,2024-03-11,774000.0
R2856058,670000.0,2,2,"1450 Merklin St, White Rock, BC, Canada",1327.0,2,2430.0,512.0,1991.0,Condo,21/03/2024,2024-03-03,679999.0
R2861140,1240000.0,2,2,"1441 Johnston Rd, White Rock, BC, Canada",1148.0,2,4683.0,1104.0,2020.0,Condo,18/03/2024,2024-03-17,1268000.0
R2850314,2337500.0,3,2,"1455 George St, White Rock, BC, Canada",2159.0,4,8594.0,1146.0,2013.0,Condo,18/03/2024,2024-02-12,2475000.0
R2834417,710000.0,2,2,"1552 Everall St, White Rock, BC, Canada",1767.0,1,3261.0,419.0,1988.0,Townhouse,16/03/2024,2023-11-27,742000.0
R2845154,556000.0,2,2,"1467 Martin St, White Rock, BC, Canada",1065.0,1,2197.0,533.0,1986.0,Condo,14/03/2024,2024-01-29,568000.0
R2854999,1350000.0,2,2,"14824 N Bluff Rd, White Rock, BC, Canada",1474.0,2,5183.0,949.0,2007.0,Condo,13/03/2024,2024-03-03,1399000.0
R2853423,675000.0,2,2,"1327 Best St, White Rock, BC, Canada",1435.0,1,2576.0,480.0,1989.0,Condo,11/03/2024,2024-02-27,689000.0
R2824862,822500.0,2,2,"1551 Foster St, White Rock, BC, Canada",1250.0,1,2875.0,674.0,2005.0,Condo,11/03/2024,2023-10-24,843000.0
R2828083,620000.0,2,1,"15971 Marine Dr, White Rock, BC, Canada",980.0,1,2289.0,641.0,1981.0,Townhouse,10/03/2024,2023-10-25,629000.0
R2847583,1135000.0,3,2,"15118 Thrift Ave, White Rock, BC, Canada",1461.0,2,4002.0,816.0,2013.0,Townhouse,06/03/2024,2024-02-06,1193000.0
R2854049,825000.0,2,2,"14950 Thrift Ave, White Rock, BC, Canada",1324.0,1,2554.0,641.0,1986.0,Condo,05/03/2024,2024-02-27,849000.0
R2854303,1498800.0,2,2,"1501 Vidal St, White Rock, BC, Canada",1294.0,2,5139.0,1158.0,2017.0,Condo,03/03/2024,2024-03-03,1498800.0
R2852735,800000.0,2,2,"15941 Marine Dr, White Rock, BC, Canada",1189.0,1,2894.0,672.0,1992.0,Condo,02/03/2024,2024-02-25,799980.0
R2854280,970000.0,2,2,"1551 Foster St, White Rock, BC, Canada",1539.0,1,3410.0,629.0,2005.0,Condo,29/02/2024,2024-02-29,968800.0
R2852884,390000.0,1,1,"1360 Martin St, White Rock, BC, Canada",751.0,1,1651.0,532.0,1973.0,Condo,29/02/2024,2024-02-25,399900.0
R2807527,1650000.0,5,2,"15622 Thrift Ave, White Rock, BC, Canada",2882.0,5,6985.0,586.0,1967.0,SingleFamily,28/02/2024,2023-08-13,1690000.0
R2852855,614000.0,2,2,"1588 Best St, White Rock, BC, Canada",1160.0,2,2413.0,525.0,1996.0,Condo,27/02/2024,2024-02-20,609000.0
R2851777,529900.0,2,2,"1280 Merklin St, White Rock, BC, Canada",831.0,1,2126.0,637.0,2001.0,Condo,26/02/2024,2024-02-22,529900.0
R2850807,708000.0,2,2,"1255 Best St, White Rock, BC, Canada",1310.0,1,2244.0,555.0,1989.0,Condo,23/02/2024,2024-02-19,728000.0
R2842126,568000.0,1,1,"14022 N Bluff Rd, White Rock, BC, Canada",740.0,1,2418.0,768.0,2020.0,Condo,23/02/2024,2024-01-28,569000.0
R2838475,800000.0,2,2,"1442 Foster St, White Rock, BC, Canada",1558.0,2,3510.0,532.0,1986.0,Condo,21/02/2024,2024-01-05,829000.0
R2815065,835000.0,1,1,"1500 Martin St, White Rock, BC, Canada",810.0,1,3132.0,1049.0,2021.0,Condo,21/02/2024,2023-09-12,849900.0
R2844880,1041000.0,2,2,"1473 Johnston Rd, White Rock, BC, Canada",1175.0,2,3957.0,884.0,2008.0,Condo,20/02/2024,2024-01-25,1039000.0
R2849990,600000.0,2,2,"1378 George St, White Rock, BC, Canada",1192.0,1,2334.0,502.0,1993.0,Condo,20/02/2024,2024-02-12,599000.0
R2845934,785000.0,1,1,"1500 Martin St, White Rock, BC, Canada",807.0,1,3097.0,990.0,2022.0,Condo,19/02/2024,2024-01-31,799000.0
R2848771,600000.0,2,1,"1480 Foster St, White Rock, BC, Canada",1339.0,1,2719.0,470.0,1978.0,Condo,18/02/2024,2024-02-11,629900.0
R2822838,825000.0,2,2,"1550 Martin St, White Rock, BC, Canada",1232.0,10,2748.0,689.0,2005.0,Condo,17/02/2024,2023-10-05,849000.0
R2848926,418000.0,1,1,"1444 Martin St, White Rock, BC, Canada",680.0,1,1392.0,586.0,1973.0,Condo,17/02/2024,2024-02-13,398500.0
R2845997,850000.0,2,2,"15164 Prospect Ave, White Rock, BC, Canada",1322.0,1,3806.0,680.0,2007.0,Condo,17/02/2024,2024-01-31,899000.0
R2834283,700000.0,2,2,"1153 Vidal St, White Rock, BC, Canada",1122.0,1,2759.0,622.0,1996.0,Condo,14/02/2024,2023-11-21,698000.0
R2847826,1470000.0,3,2,"1573 Lee St, White Rock, BC, Canada",1347.0,0,5958.0,1112.0,1961.0,SingleFamily,13/02/2024,2024-02-06,1499000.0
R2847080,895000.0,2,2,"15131 Buena Vista Ave, White Rock, BC, Canada",1111.0,1,3284.0,801.0,1987.0,Condo,12/02/2024,2024-02-02,890000.0
R2848331,1640000.0,3,2,"13842 Coldicutt Ave, White Rock, BC, Canada",2340.0,6,7085.0,726.0,1966.0,SingleFamily,09/02/2024,2024-02-07,1699900.0
R2847673,600000.0,2,2,"1255 Best St, White Rock, BC, Canada",1195.0,1,2119.0,493.0,1989.0,Condo,07/02/2024,2024-02-05,589900.0
R2844531,1595000.0,4,2,"13831 Malabar Ave, White Rock, BC, Canada",2231.0,5,6797.0,627.0,1969.0,SingleFamily,04/02/2024,2024-01-28,1399000.0
R2845358,365000.0,1,1,"1444 Martin St, White Rock, BC, Canada",670.0,1,1402.0,537.0,1973.0,Condo,03/02/2024,2024-01-30,359900.0
R2844291,580000.0,2,2,"15875 Marine Dr, White Rock, BC, Canada",1120.0,1,2679.0,525.0,1990.0,Condo,02/02/2024,2024-01-23,588000.0
R2830879,424000.0,1,1,"1319 Martin St, White Rock, BC, Canada",824.0,1,1782.0,515.0,1974.0,Condo,01/02/2024,2023-11-07,424800.0
R2843926,490000.0,2,2,"15130 Roper Ave, White Rock, BC, Canada",1056.0,1,1944.0,484.0,1986.0,Condo,31/01/2024,2024-01-23,512000.0
R2845480,830000.0,3,1,"15989 Marine Dr, White Rock, BC, Canada",1215.0,1,3016.0,698.0,1983.0,Townhouse,31/01/2024,2024-01-29,849000.0
R2839707,889900.0,2,2,"14824 N Bluff Rd, White Rock, BC, Canada",1404.0,2,3854.0,640.0,2007.0,Condo,30/01/2024,2024-01-08,899900.0
R2813695,1575000.0,4,2,"14907 Buena Vista Ave, White Rock, BC, Canada",2437.0,2,6640.0,696.0,9999.0,SingleFamily,29/01/2024,2023-09-07,1698000.0
R2821832,1125000.0,2,2,"1501 Foster St, White Rock, BC, Canada",1122.0,2,4109.0,1005.0,2022.0,Condo,26/01/2024,2023-10-04,1128000.0
R2835640,490000.0,2,1,"1330 Martin St, White Rock, BC, Canada",964.0,1,2020.0,517.0,1974.0,Condo,24/01/2024,2023-11-30,499000.0
R2812707,599900.0,2,2,"820 Habgood St, White Rock, BC, Canada",1196.0,1,2490.0,547.0,1992.0,Condo,24/01/2024,2023-09-04,655000.0
R2842528,3250000.0,5,4,"14420 Magdalen Ave, White Rock, BC, Canada",4590.0,2,13059.0,740.0,2005.0,SingleFamily,22/01/2024,2024-01-16,3399000.0
R2839702,1675000.0,2,1,"15290 Pacific Ave, White Rock, BC, Canada",1711.0,2,7024.0,1022.0,9999.0,SingleFamily,15/01/2024,2024-01-11,1749000.0
R2813544,1245000.0,3,2,"14022 N Bluff Rd, White Rock, BC, Canada",1701.0,2,3761.0,763.0,2020.0,Condo,14/01/2024,2023-09-10,1299000.0
R2835931,500000.0,1,1,"15010 Roper Ave, White Rock, BC, Canada",706.0,1,1805.0,742.0,1974.0,Condo,14/01/2024,2023-12-03,523900.0
R2840410,1100000.0,2,2,"14855 Thrift Ave, White Rock, BC, Canada",1298.0,2,4734.0,885.0,2015.0,Condo,11/01/2024,2024-01-08,1150000.0
R2840939,1284000.0,3,1,"15870 Prospect Cres, White Rock, BC, Canada",1171.0,4,6062.0,1109.0,1971.0,SingleFamily,10/01/2024,2024-01-09,1299000.0
R2832777,1299000.0,2,2,"15165 Thrift Ave, White Rock, BC, Canada",1097.0,2,4762.0,1184.0,2020.0,Condo,08/01/2024,2023-11-14,1299000.0
R2836969,1825000.0,4,2,"1225 Parker St, White Rock, BC, Canada",2649.0,4,7335.0,717.0,1969.0,SingleFamily,08/01/2024,2023-12-10,1899988.0
R2816640,590000.0,1,1,"1473 Johnston Rd, White Rock, BC, Canada",663.0,1,2379.0,903.0,2009.0,Condo,04/01/2024,2023-09-18,599000.0
R2825319,1038000.0,2,2,"15445 Vine Ave, White Rock, BC, Canada",1372.0,1,4472.0,787.0,2005.0,Condo,03/01/2024,2023-10-16,1080800.0
R2805268,635000.0,2,2,"1280 Merklin St, White Rock, BC, Canada",996.0,1,2709.0,651.0,2001.0,Condo,03/01/2024,2023-08-08,649000.0
R2828547,922500.0,2,1,"15475 Victoria Ave, White Rock, BC, Canada",830.0,2,4711.0,1144.0,9999.0,SingleFamily,27/12/2023,2023-10-29,949900.0
R2829311,582000.0,2,2,"15717 Marine Dr, White Rock, BC, Canada",1008.0,1,2614.0,610.0,1990.0,Condo,26/12/2023,2023-10-31,615000.0
R2823950,832000.0,2,2,"1455 George St, White Rock, BC, Canada",987.0,2,3764.0,910.0,2013.0,Condo,01/05/2024,2024-03-04,899000.0
R2833580,562000.0,1,1,"15777 Marine Dr, White Rock, BC, Canada",710.0,1,2665.0,816.0,2007.0,Condo,22/12/2023,2023-11-19,579900.0
R2828025,925000.0,2,2,"15165 Thrift Ave, White Rock, BC, Canada",953.0,2,3472.0,984.0,2020.0,Condo,19/12/2023,2023-10-25,938000.0
R2807331,1650000.0,2,1,"1558 Kerfoot Rd, White Rock, BC, Canada",1092.0,6,7089.0,1555.0,1967.0,SingleFamily,14/12/2023,2023-08-15,1699000.0
R2835247,455000.0,2,1,"1320 Fir St, White Rock, BC, Canada",936.0,1,1830.0,491.0,1975.0,Condo,13/12/2023,2023-11-27,459900.0
R2828190,1385000.0,6,2,"1216 Kent St, White Rock, BC, Canada",2119.0,3,5570.0,683.0,1971.0,SingleFamily,13/12/2023,2023-10-25,1449000.0
R2819733,2825000.0,5,4,"14357 Sunset Dr, White Rock, BC, Canada",4347.0,4,10219.0,730.0,1989.0,SingleFamily,06/12/2023,2023-09-24,3175000.0
R2830896,1635000.0,4,2,"1293 Parker St, White Rock, BC, Canada",2256.0,5,6955.0,753.0,1968.0,SingleFamily,06/12/2023,2023-11-05,1699900.0
R2820397,2438000.0,6,3,"15953 Buena Vista Ave, White Rock, BC, Canada",4826.0,6,9479.0,546.0,2004.0,SingleFamily,05/12/2023,2023-09-26,2638000.0
R2813630,605000.0,2,2,"1378 George St, White Rock, BC, Canada",1154.0,1,2303.0,545.0,1993.0,Condo,03/12/2023,2023-09-07,629000.0
R2824311,2570777.0,4,3,"15453 Victoria Ave, White Rock, BC, Canada",3314.0,7,7772.0,814.0,1992.0,SingleFamily,03/12/2023,2023-10-12,2699777.0
R2829804,656000.0,2,2,"15466 N Bluff Rd, White Rock, BC, Canada",1486.0,2,2498.0,430.0,1995.0,Condo,29/11/2023,2023-11-05,639999.0
R2782865,880000.0,2,2,"1280 Fir St, White Rock, BC, Canada",1283.0,1,2546.0,706.0,1987.0,Condo,28/11/2023,2023-05-29,906000.0
R2833299,475000.0,2,1,"1442 Blackwood St, White Rock, BC, Canada",959.0,0,2013.0,501.0,9999.0,Condo,27/11/2023,2023-11-16,481000.0
R2830832,629000.0,2,2,"1400 George St, White Rock, BC, Canada",1360.0,2,2480.0,477.0,1990.0,Condo,23/11/2023,2023-11-06,648888.0
R2830705,560000.0,2,2,"1255 Best St, White Rock, BC, Canada",1142.0,1,2123.0,497.0,1989.0,Condo,19/11/2023,2023-11-05,568000.0
R2827537,663000.0,2,2,"1488 Merklin St, White Rock, BC, Canada",1293.0,1,2200.0,525.0,1990.0,Condo,19/11/2023,2023-10-23,680000.0
R2814132,1455000.0,4,2,"14272 Vine Ave, White Rock, BC, Canada",1885.0,5,6004.0,795.0,1969.0,SingleFamily,19/11/2023,2023-09-10,1499999.0
R2831997,525000.0,2,2,"1350 Vidal St, White Rock, BC, Canada",1033.0,1,2178.0,484.0,1984.0,Condo,19/11/2023,2023-11-12,499999.0
R2828967,579000.0,1,1,"15176 Buena Vista Ave, White Rock, BC, Canada",915.0,1,2793.0,654.0,1990.0,Condo,18/11/2023,2023-10-30,599000.0
R2825433,1499900.0,2,2,"1439 George St, White Rock, BC, Canada",1301.0,2,5269.0,1152.0,2021.0,Condo,17/11/2023,2023-10-17,1499900.0
R2824046,2165000.0,2,2,"1473 Johnston Rd, White Rock, BC, Canada",1888.0,2,8069.0,1270.0,2009.0,Condo,16/11/2023,2023-10-11,2398000.0
R2828553,950000.0,3,2,"1522 Best St, White Rock, BC, Canada",1704.0,3,3713.0,568.0,1993.0,Townhouse,16/11/2023,2023-10-29,969000.0
R2806274,3225000.0,4,3,"14034 Marine Dr, White Rock, BC, Canada",3894.0,12,15505.0,872.0,2009.0,SingleFamily,15/11/2023,2023-08-10,3399000.0
R2831218,1230000.0,2,1,"15859 Vine Ave, White Rock, BC, Canada",1034.0,3,5529.0,1257.0,1971.0,SingleFamily,09/11/2023,2023-11-06,1300000.0
R2823694,1738000.0,4,3,"15511 Goggs Ave, White Rock, BC, Canada",2648.0,3,7506.0,679.0,2014.0,SingleFamily,05/11/2023,2023-10-15,1799000.0
R2804846,3900000.0,5,7,"15239 Victoria Ave, White Rock, BC, Canada",4924.0,8,12712.0,832.0,2012.0,SingleFamily,05/11/2023,2023-08-07,4098000.0
R2830627,750476.0,1,1,"1500 Martin St, White Rock, BC, Canada",806.0,1,3063.0,1027.0,2022.0,Condo,04/11/2023,2023-11-02,828000.0
R2829948,519999.0,2,2,"15111 Russell Ave, White Rock, BC, Canada",1110.0,1,1998.0,468.0,1989.0,Condo,04/11/2023,2023-10-31,519999.0
R2829488,600000.0,2,2,"1450 Merklin St, White Rock, BC, Canada",1151.0,1,2299.0,542.0,1992.0,Condo,04/11/2023,2023-10-30,624900.0
R2829326,596000.0,2,1,"1437 Foster St, White Rock, BC, Canada",1180.0,1,2312.0,504.0,1975.0,Condo,03/11/2023,2023-10-31,595000.0
R2827020,950000.0,4,3,"1481 Best St, White Rock, BC, Canada",1770.0,2,3334.0,508.0,1994.0,Townhouse,30/10/2023,2023-10-22,899800.0
R2827017,545000.0,2,1,"1354 Winter St, White Rock, BC, Canada",1050.0,1,2446.0,523.0,1982.0,Condo,27/10/2023,2023-10-22,549900.0
R2806825,2090000.0,2,2,"1150 Oxford St, White Rock, BC, Canada",1889.0,3,5895.0,1190.0,2016.0,Condo,24/10/2023,2023-08-14,2249000.0
R2826765,475000.0,1,1,"1588 Best St, White Rock, BC, Canada",693.0,1,1868.0,691.0,1995.0,Condo,23/10/2023,2023-10-22,479000.0
R2818630,641000.0,2,2,"1378 Fir St, White Rock, BC, Canada",1429.0,1,2812.0,475.0,1986.0,Condo,22/10/2023,2023-09-26,679000.0
R2825063,432000.0,1,1,"1554 George St, White Rock, BC, Canada",758.0,1,1577.0,580.0,1974.0,Condo,22/10/2023,2023-10-16,439900.0
R2804090,585000.0,2,2,"1576 Merklin St, White Rock, BC, Canada",1027.0,1,2373.0,583.0,1995.0,Condo,21/10/2023,2023-08-17,599500.0
R2818255,1459000.0,3,2,"13842 N Bluff Rd, White Rock, BC, Canada",2170.0,2,5641.0,681.0,1967.0,SingleFamily,21/10/2023,2023-09-20,1479000.0
R2821166,875000.0,2,1,"14855 Thrift Ave, White Rock, BC, Canada",1051.0,2,3487.0,854.0,2015.0,Condo,15/10/2023,2023-10-03,898000.0
R2812099,700000.0,2,2,"1450 Merklin St, White Rock, BC, Canada",1333.0,2,2465.0,554.0,1991.0,Condo,12/10/2023,2023-09-04,739000.0
R2818090,1570000.0,5,4,"1454 Maple St, White Rock, BC, Canada",2842.0,1,5922.0,583.0,1970.0,SingleFamily,12/10/2023,2023-09-20,1658800.0
R2814599,1762500.0,2,2,"1501 Vidal St, White Rock, BC, Canada",1566.0,2,5775.0,1148.0,2017.0,Condo,09/10/2023,2023-09-10,1799000.0
R2820919,538000.0,2,2,"1390 Martin St, White Rock, BC, Canada",1117.0,1,2052.0,492.0,1976.0,Condo,08/10/2023,2023-10-01,550000.0
R2821024,1330000.0,3,2,"1580 Bishop Rd, White Rock, BC, Canada",1691.0,3,6059.0,827.0,1965.0,SingleFamily,07/10/2023,2023-10-02,1399000.0
R2818089,505000.0,2,2,"1280 Merklin St, White Rock, BC, Canada",851.0,1,2243.0,611.0,2001.0,Condo,07/10/2023,2023-09-20,519999.0
R2821548,399000.0,1,1,"1368 Foster St, White Rock, BC, Canada",689.0,1,1440.0,579.0,1978.0,Condo,07/10/2023,2023-10-02,399000.0
R2821719,550000.0,2,2,"1350 Vidal St, White Rock, BC, Canada",1235.0,1,2320.0,445.0,1984.0,Condo,06/10/2023,2023-10-01,549900.0
R2813082,620000.0,2,2,"1400 George St, White Rock, BC, Canada",1182.0,1,1936.0,557.0,1990.0,Condo,05/10/2023,2023-09-07,659000.0
R2820776,530000.0,2,2,"15233 Pacific Ave, White Rock, BC, Canada",933.0,1,2193.0,599.0,1993.0,Condo,05/10/2023,2023-10-03,559000.0
R2819556,550000.0,2,1,"15010 Roper Ave, White Rock, BC, Canada",888.0,1,2275.0,561.0,1974.0,Condo,02/10/2023,2023-09-25,499000.0
R2799966,1090000.0,3,2,"15118 Thrift Ave, White Rock, BC, Canada",1406.0,2,4058.0,781.0,2013.0,Townhouse,01/10/2023,2023-07-18,1099000.0
R2811035,1850000.0,2,2,"14736 Oxenham Ave, White Rock, BC, Canada",2001.0,4,6689.0,987.0,1974.0,SingleFamily,30/09/2023,2023-08-29,1975000.0
R2811720,1149000.0,3,2,"15875 Marine Dr, White Rock, BC, Canada",1800.0,2,3915.0,638.0,1990.0,Townhouse,29/09/2023,2023-09-05,1149000.0
R2817234,2880000.0,5,6,"13698 Blackburn Ave, White Rock, BC, Canada",5537.0,4,11732.0,539.0,2016.0,SingleFamily,28/09/2023,2023-09-18,2988000.0
R2810870,1525000.0,3,3,"14259 Park Ave, White Rock, BC, Canada",1992.0,3,6669.0,793.0,1971.0,SingleFamily,28/09/2023,2023-08-29,1580000.0
R2815930,2498000.0,6,5,"1533 Brearley St, White Rock, BC, Canada",4268.0,6,9851.0,608.0,2006.0,SingleFamily,26/09/2023,2023-09-19,2598000.0
R2817452,1485000.0,2,1,"1561 Chestnut St, White Rock, BC, Canada",1092.0,6,6517.0,1372.0,9999.0,SingleFamily,25/09/2023,2023-09-18,1499000.0
R2793833,1540000.0,2,2,"949 Parker St, White Rock, BC, Canada",2425.0,5,5494.0,639.0,1976.0,SingleFamily,25/09/2023,2023-07-03,1549700.0
R2813472,510000.0,2,1,"1561 Vidal St, White Rock, BC, Canada",993.0,1,2017.0,523.0,1973.0,Condo,24/09/2023,2023-09-06,520000.0
R2815175,648000.0,2,2,"1455 George St, White Rock, BC, Canada",967.0,2,2607.0,722.0,2013.0,Condo,24/09/2023,2023-09-12,699000.0
R2819148,2950000.0,5,4,"828 Stevens St, White Rock, BC, Canada",4126.0,6,8829.0,727.0,2021.0,SingleFamily,23/09/2023,2023-09-23,3000000.0
R2810963,510000.0,2,2,"1521 Blackwood St, White Rock, BC, Canada",1015.0,1,1901.0,512.0,1981.0,Condo,20/09/2023,2023-09-04,519999.0
R2816947,1000000.0,3,2,"1338 Foster St, White Rock, BC, Canada",1447.0,3,4600.0,682.0,2014.0,Townhouse,20/09/2023,2023-09-19,988000.0
R2807679,879000.0,2,2,"15445 Vine Ave, White Rock, BC, Canada",1222.0,1,3079.0,735.0,2005.0,Condo,19/09/2023,2023-08-15,899000.0
R2799316,602000.0,1,1,"15152 Russell Ave, White Rock, BC, Canada",657.0,1,2215.0,925.0,2008.0,Condo,17/09/2023,2023-07-18,608000.0
R2814946,522400.0,2,2,"1588 Best St, White Rock, BC, Canada",873.0,2,2106.0,601.0,1997.0,Condo,17/09/2023,2023-09-11,524900.0
R2815305,495000.0,1,1,"1410 Blackwood St, White Rock, BC, Canada",890.0,1,2010.0,561.0,1978.0,Condo,16/09/2023,2023-09-12,499900.0
R2812902,615000.0,2,2,"1273 Merklin St, White Rock, BC, Canada",1059.0,1,2173.0,583.0,1989.0,Condo,14/09/2023,2023-09-06,618000.0
R2813459,480000.0,2,1,"1331 Fir St, White Rock, BC, Canada",793.0,1,1604.0,605.0,1973.0,Condo,13/09/2023,2023-09-07,479999.0
R2801327,790500.0,2,2,"15131 Buena Vista Ave, White Rock, BC, Canada",1094.0,1,3298.0,731.0,1987.0,Condo,13/09/2023,2023-07-23,799900.0
R2804633,855000.0,2,2,"1473 Johnston Rd, White Rock, BC, Canada",1279.0,2,4002.0,702.0,2008.0,Condo,11/09/2023,2023-08-07,898900.0
R2813540,2000000.0,6,3,"983 Stevens St, White Rock, BC, Canada",3848.0,4,8786.0,545.0,2005.0,SingleFamily,11/09/2023,2023-09-07,2099000.0
R2810168,807000.0,2,2,"1442 Foster St, White Rock, BC, Canada",1724.0,1,2912.0,463.0,1987.0,Condo,11/09/2023,2023-08-28,799000.0
R2797934,2857142.0,5,5,"14786 Thrift Ave, White Rock, BC, Canada",4095.0,5,6905.0,830.0,2023.0,SingleFamily,10/09/2023,2023-07-11,3399999.0
R2811874,412400.0,1,1,"1561 Vidal St, White Rock, BC, Canada",717.0,1,1508.0,585.0,1974.0,Condo,07/09/2023,2023-09-05,419900.0
R2809803,465000.0,2,1,"1331 Fir St, White Rock, BC, Canada",817.0,1,1687.0,575.0,1975.0,Condo,07/09/2023,2023-08-28,469999.0
R2811490,497000.0,2,2,"1355 Winter St, White Rock, BC, Canada",876.0,1,1880.0,569.0,1980.0,Condo,06/09/2023,2023-09-04,499000.0
R2773042,1445000.0,2,2,"1533 Parker Pl, White Rock, BC, Canada",1801.0,7,5471.0,824.0,1972.0,SingleFamily,06/09/2023,2023-04-30,1485000.0
R2811279,1034000.0,2,2,"15165 Thrift Ave, White Rock, BC, Canada",1002.0,2,3605.0,1031.0,2020.0,Condo,05/09/2023,2023-08-31,1034000.0
R2806066,435000.0,1,1,"14881 Marine Dr, White Rock, BC, Canada",631.0,1,1744.0,711.0,1976.0,Condo,03/09/2023,2023-08-08,448999.0
R2803956,599000.0,1,1,"15989 Marine Dr, White Rock, BC, Canada",780.0,1,2426.0,767.0,1983.0,Townhouse,01/09/2023,2023-08-02,599000.0
R2803592,1020000.0,2,2,"1441 Johnston Rd, White Rock, BC, Canada",963.0,1,3653.0,1100.0,2020.0,Condo,30/08/2023,2023-08-01,1059900.0
R2778475,788571.0,1,1,"1500 Martin St, White Rock, BC, Canada",806.0,1,1769.0,1027.0,2022.0,Condo,28/08/2023,2023-05-15,828000.0
R2807322,500000.0,2,1,"15290 Thrift Ave, White Rock, BC, Canada",876.0,1,2000.0,547.0,1984.0,Condo,27/08/2023,2023-08-17,479888.0
R2806991,486000.0,2,1,"1368 Foster St, White Rock, BC, Canada",996.0,1,1703.0,501.0,1978.0,Condo,24/08/2023,2023-08-13,499990.0
R2784394,1030900.0,2,2,"1526 Finlay St, White Rock, BC, Canada",1120.0,2,4110.0,920.0,2022.0,Condo,23/08/2023,2023-05-31,1030900.0
R2804596,539000.0,1,1,"1131 Elm St, White Rock, BC, Canada",789.0,1,2219.0,683.0,1985.0,Townhouse,22/08/2023,2023-08-06,539000.0
R2794527,1850000.0,3,2,"14855 Thrift Ave, White Rock, BC, Canada",2327.0,2,8863.0,858.0,2015.0,Condo,22/08/2023,2023-07-03,1998000.0
R2777188,410000.0,1,1,"1360 Martin St, White Rock, BC, Canada",675.0,1,1355.0,651.0,1974.0,Condo,16/08/2023,2023-05-10,439900.0
R2796952,1515000.0,2,1,"1549 Kerfoot Rd, White Rock, BC, Canada",1288.0,2,5991.0,1241.0,1969.0,SingleFamily,14/08/2023,2023-07-10,1599000.0
R2805933,870000.0,2,2,"1333 Winter St, White Rock, BC, Canada",983.0,1,3268.0,793.0,2013.0,Condo,14/08/2023,2023-08-09,779900.0
R2801549,2079900.0,4,3,"15736 Buena Vista Ave, White Rock, BC, Canada",4156.0,4,8564.0,505.0,1994.0,SingleFamily,14/08/2023,2023-07-23,2100000.0
R2805159,730000.0,2,2,"1442 Foster St, White Rock, BC, Canada",1218.0,1,2256.0,595.0,1982.0,Condo,13/08/2023,2023-08-07,725000.0
R2806079,550000.0,1,1,"15621 Marine Dr, White Rock, BC, Canada",710.0,1,2135.0,771.0,2004.0,Condo,11/08/2023,2023-08-09,548000.0
R2802743,1150000.0,2,2,"1473 Johnston Rd, White Rock, BC, Canada",1291.0,2,4316.0,890.0,2008.0,Condo,09/08/2023,2023-07-31,1150000.0
R2800576,765000.0,2,1,"15989 Marine Dr, White Rock, BC, Canada",965.0,2,2667.0,817.0,1983.0,Condo,08/08/2023,2023-07-20,788888.0
R2794081,595000.0,2,2,"1459 Blackwood St, White Rock, BC, Canada",1172.0,1,1955.0,516.0,1987.0,Condo,08/08/2023,2023-07-03,605888.0
R2803869,775000.0,1,1,"1581 Foster St, White Rock, BC, Canada",964.0,1,2523.0,776.0,2003.0,Condo,07/08/2023,2023-08-01,749000.0
R2775754,2470000.0,6,5,"976 Kent St, White Rock, BC, Canada",3655.0,6,9077.0,719.0,2015.0,SingleFamily,06/08/2023,2023-05-07,2628000.0
R2804265,620000.0,2,2,"1220 Fir St, White Rock, BC, Canada",967.0,1,2517.0,646.0,1987.0,Condo,04/08/2023,2023-08-03,625000.0
R2800018,1175000.0,3,2,"14232 N Bluff Rd, White Rock, BC, Canada",1282.0,3,5315.0,974.0,9999.0,SingleFamily,03/08/2023,2023-07-17,1249900.0
R2796319,875000.0,2,2,"1580 Martin St, White Rock, BC, Canada",1330.0,1,2597.0,657.0,2004.0,Condo,03/08/2023,2023-07-11,875000.0
R2799337,480000.0,2,2,"15130 Roper Ave, White Rock, BC, Canada",1085.0,1,1976.0,437.0,1987.0,Condo,02/08/2023,2023-07-18,474900.0
R2791212,595000.0,2,2,"15875 Marine Dr, White Rock, BC, Canada",1078.0,1,2431.0,555.0,1989.0,Condo,02/08/2023,2023-06-20,599000.0
R2796128,820000.0,2,2,"14950 Thrift Ave, White Rock, BC, Canada",1279.0,1,2554.0,663.0,1986.0,Condo,01/08/2023,2023-07-10,849000.0
R2801288,2689000.0,4,3,"15294 Royal Ave, White Rock, BC, Canada",3783.0,10,8739.0,732.0,1990.0,SingleFamily,30/07/2023,2023-07-24,2770000.0
R2791364,570000.0,2,2,"15875 Marine Dr, White Rock, BC, Canada",1040.0,1,2462.0,596.0,1989.0,Condo,30/07/2023,2023-06-20,620000.0
R2770042,497000.0,2,1,"15290 Thrift Ave, White Rock, BC, Canada",900.0,1,1787.0,554.0,1984.0,Condo,29/07/2023,2023-04-19,499000.0
R2758422,1477000.0,2,2,"14776 Mcdonald Ave, White Rock, BC, Canada",1201.0,3,5774.0,1206.0,1927.0,SingleFamily,28/07/2023,2023-03-08,1449000.0
R2800443,1240000.0,2,2,"15445 Vine Ave, White Rock, BC, Canada",1406.0,2,4030.0,895.0,2005.0,Condo,27/07/2023,2023-07-20,1259000.0
R2788944,730000.0,2,2,"15777 Marine Dr, White Rock, BC, Canada",984.0,1,2680.0,761.0,2006.0,Condo,27/07/2023,2023-06-14,749000.0
R2790562,1045000.0,2,2,"14855 Thrift Ave, White Rock, BC, Canada",1130.0,1,3792.0,938.0,2015.0,Condo,26/07/2023,2023-06-20,1060000.0
R2800030,1800000.0,3,3,"15569 Thrift Ave, White Rock, BC, Canada",2674.0,0,5992.0,673.0,2008.0,SingleFamily,25/07/2023,2023-07-18,1799900.0
R2802268,724000.0,2,2,"1450 Merklin St, White Rock, BC, Canada",1313.0,2,2458.0,555.0,1990.0,Condo,24/07/2023,2023-07-23,730000.0
R2788885,659000.0,2,2,"15875 Marine Dr, White Rock, BC, Canada",1003.0,2,2463.0,657.0,1989.0,Condo,24/07/2023,2023-06-14,659000.0
R2800310,435000.0,2,2,"1458 Blackwood St, White Rock, BC, Canada",1133.0,1,1774.0,405.0,1982.0,Condo,23/07/2023,2023-07-19,459900.0
R2800383,580000.0,2,1,"1381 Martin St, White Rock, BC, Canada",1187.0,1,2132.0,492.0,1978.0,Condo,22/07/2023,2023-07-19,585000.0
R2785899,1650000.0,4,3,"15837 Pacific Ave, White Rock, BC, Canada",2799.0,2,6842.0,624.0,1986.0,SingleFamily,21/07/2023,2023-06-05,1749000.0
R2798880,650000.0,2,2,"1442 Foster St, White Rock, BC, Canada",1231.0,1,2270.0,510.0,1986.0,Condo,20/07/2023,2023-07-17,629000.0
R2797311,695000.0,2,2,"15357 Roper Ave, White Rock, BC, Canada",988.0,2,2534.0,718.0,2010.0,Condo,19/07/2023,2023-07-10,710000.0
R2781635,3230000.0,7,7,"14273 Vine Ave, White Rock, BC, Canada",5863.0,6,4648.0,596.0,2022.0,SingleFamily,19/07/2023,2023-05-25,3500000.0
R2797502,535000.0,1,1,"15621 Marine Dr, White Rock, BC, Canada",737.0,1,1992.0,677.0,2003.0,Condo,17/07/2023,2023-07-12,499000.0
R2796323,960000.0,2,2,"14015 Marine Dr, White Rock, BC, Canada",2549.0,2,3445.0,388.0,1972.0,Townhouse,15/07/2023,2023-07-10,990000.0
R2789505,2240000.0,3,2,"15369 Marine Dr, White Rock, BC, Canada",2351.0,3,6931.0,1002.0,2016.0,SingleFamily,15/07/2023,2023-06-18,2358000.0
R2778346,495000.0,1,1,"1442 Foster St, White Rock, BC, Canada",856.0,1,1846.0,583.0,1986.0,Condo,14/07/2023,2023-05-15,499900.0
R2793983,589000.0,2,2,"1225 Merklin St, White Rock, BC, Canada",959.0,1,2385.0,614.0,1989.0,Condo,13/07/2023,2023-06-29,589000.0
R2794508,795999.0,2,2,"15152 Russell Ave, White Rock, BC, Canada",942.0,2,2801.0,849.0,2009.0,Condo,13/07/2023,2023-07-03,799999.0
R2775851,795000.0,1,1,"1501 Foster St, White Rock, BC, Canada",808.0,1,2377.0,988.0,2022.0,Condo,13/07/2023,2023-05-08,799000.0
R2790735,478000.0,1,1,"1153 Vidal St, White Rock, BC, Canada",882.0,1,2337.0,565.0,1996.0,Condo,13/07/2023,2023-06-18,499000.0
R2785763,850000.0,2,2,"1351 Vidal St, White Rock, BC, Canada",1277.0,1,2127.0,703.0,1984.0,Condo,12/07/2023,2023-06-08,899000.0
R2795572,495000.0,2,2,"15111 Russell Ave, White Rock, BC, Canada",1149.0,1,1858.0,469.0,1987.0,Condo,12/07/2023,2023-07-05,539900.0
R2793499,1770000.0,4,2,"14093 Blackburn Ave, White Rock, BC, Canada",2519.0,0,6721.0,674.0,1991.0,SingleFamily,10/07/2023,2023-07-04,1699900.0
R2796078,2785000.0,5,4,"859 Parker St, White Rock, BC, Canada",3911.0,7,8752.0,715.0,2018.0,SingleFamily,09/07/2023,2023-07-06,2799000.0
R2796087,1000000.0,2,2,"15445 Vine Ave, White Rock, BC, Canada",1242.0,2,3619.0,805.0,2005.0,Condo,08/07/2023,2023-07-05,999900.0
R2794717,2195000.0,4,3,"876 Parker St, White Rock, BC, Canada",3447.0,6,7474.0,638.0,1998.0,SingleFamily,08/07/2023,2023-07-04,2199888.0
R2795089,449000.0,1,1,"15111 Russell Ave, White Rock, BC, Canada",959.0,1,1641.0,468.0,1988.0,Condo,07/07/2023,2023-07-04,449000.0
R2795985,655000.0,2,2,"1234 Merklin St, White Rock, BC, Canada",1376.0,1,2279.0,471.0,1990.0,Condo,07/07/2023,2023-07-05,649000.0
R2791390,655000.0,2,2,"1442 Foster St, White Rock, BC, Canada",1221.0,1,2488.0,547.0,1982.0,Condo,05/07/2023,2023-06-21,669000.0
R2794159,465000.0,2,2,"1355 Winter St, White Rock, BC, Canada",948.0,1,1702.0,490.0,1980.0,Condo,04/07/2023,2023-07-02,465000.0
R2779270,525000.0,2,1,"1354 Winter St, White Rock, BC, Canada",992.0,1,1719.0,533.0,1983.0,Condo,04/07/2023,2023-05-18,528999.0
R2792834,1388000.0,4,2,"15962 N Bluff Rd, White Rock, BC, Canada",2144.0,4,4928.0,629.0,1958.0,SingleFamily,03/07/2023,2023-06-26,1349000.0
R2793576,500000.0,2,1,"15070 Roper Ave, White Rock, BC, Canada",1287.0,1,2352.0,372.0,1978.0,Condo,02/07/2023,2023-06-28,479900.0
R2792759,1318000.0,2,2,"15165 Thrift Ave, White Rock, BC, Canada",1073.0,2,5325.0,1200.0,2020.0,Condo,01/07/2023,2023-06-25,1288000.0
R2792382,1800000.0,3,1,"1124 Lee St, White Rock, BC, Canada",1589.0,6,7088.0,1163.0,1970.0,SingleFamily,29/06/2023,2023-06-27,1849500.0
R2778123,1580000.0,2,2,"1500 Martin St, White Rock, BC, Canada",1283.0,2,5136.0,1292.0,2022.0,Condo,29/06/2023,2023-05-15,1658000.0
R2789527,683000.0,3,2,"15233 Pacific Ave, White Rock, BC, Canada",1453.0,1,2515.0,481.0,1993.0,Condo,28/06/2023,2023-06-13,699000.0
R2792115,2000000.0,3,3,"15444 Victoria Ave, White Rock, BC, Canada",2874.0,6,8411.0,694.0,2004.0,SingleFamily,27/06/2023,2023-06-21,1997000.0
R2757229,625000.0,2,2,"1234 Merklin St, White Rock, BC, Canada",1350.0,0,2232.0,443.0,1992.0,Condo,27/06/2023,2023-03-05,599000.0
R2791063,850000.0,2,2,"14824 N Bluff Rd, White Rock, BC, Canada",1159.0,1,2788.0,733.0,2006.0,Condo,25/06/2023,2023-06-20,850000.0
R2783553,808800.0,1,1,"1501 Foster St, White Rock, BC, Canada",806.0,0,2412.0,991.0,2022.0,Condo,25/06/2023,2023-05-28,799000.0
R2785787,2875000.0,7,4,"15596 Semiahmoo Ave, White Rock, BC, Canada",5260.0,6,11534.0,644.0,1998.0,SingleFamily,24/06/2023,2023-06-08,3388000.0
R2778485,1738095.0,2,2,"1500 Martin St, White Rock, BC, Canada",1245.0,2,3066.0,1465.0,2022.0,Condo,24/06/2023,2023-05-15,1825000.0
R2781792,480000.0,1,1,"1480 Foster St, White Rock, BC, Canada",833.0,1,1700.0,600.0,1977.0,Condo,22/06/2023,2023-05-29,499900.0
R2785372,650000.0,2,2,"15809 Marine Dr, White Rock, BC, Canada",1107.0,1,2914.0,596.0,1992.0,Condo,21/06/2023,2023-06-05,659999.0
R2783798,1440000.0,4,2,"14711 Gordon Ave, White Rock, BC, Canada",2350.0,3,6062.0,637.0,1977.0,SingleFamily,21/06/2023,2023-05-31,1499000.0
R2768129,1100000.0,2,2,"1501 Foster St, White Rock, BC, Canada",1114.0,2,4488.0,1076.0,2022.0,Condo,20/06/2023,2023-04-11,1199000.0
R2789639,632800.0,2,2,"1389 Winter St, White Rock, BC, Canada",1334.0,1,2254.0,474.0,1976.0,Condo,19/06/2023,2023-06-18,632800.0
R2760812,842000.0,2,2,"15165 Thrift Ave, White Rock, BC, Canada",1104.0,1,3411.0,815.0,2021.0,Condo,18/06/2023,2023-03-19,899900.0
R2786339,2005000.0,2,2,"14825 Thrift Ave, White Rock, BC, Canada",1540.0,2,6491.0,1297.0,2021.0,Condo,18/06/2023,2023-06-08,1998000.0
R2786168,505000.0,2,1,"1555 Fir St, White Rock, BC, Canada",1040.0,1,1634.0,478.0,1973.0,Condo,18/06/2023,2023-06-06,498000.0
R2782068,535000.0,1,1,"1480 Foster St, White Rock, BC, Canada",833.0,1,1925.0,659.0,1977.0,Condo,17/06/2023,2023-05-29,549000.0
R2777450,525000.0,2,2,"1467 Martin St, White Rock, BC, Canada",1083.0,1,1901.0,506.0,1986.0,Condo,17/06/2023,2023-05-14,548000.0
R2779105,352500.0,0,1,"1351 Martin St, White Rock, BC, Canada",587.0,1,1334.0,626.0,1976.0,Condo,17/06/2023,2023-05-17,368000.0
R2789209,1290000.0,2,1,"867 Kent St, White Rock, BC, Canada",1020.0,2,5095.0,1273.0,9999.0,SingleFamily,15/06/2023,2023-06-14,1298800.0
R2788053,1270000.0,2,2,"15123 Marine Dr, White Rock, BC, Canada",1377.0,2,4601.0,940.0,1995.0,Condo,15/06/2023,2023-06-13,1295000.0
R2784696,443000.0,2,1,"1429 Merklin St, White Rock, BC, Canada",994.0,1,1621.0,450.0,1975.0,Condo,15/06/2023,2023-06-02,448000.0
R2772136,936000.0,2,2,"15165 Thrift Ave, White Rock, BC, Canada",985.0,2,3407.0,972.0,2020.0,Condo,14/06/2023,2023-04-25,958000.0
R2785524,2220000.0,5,4,"1560 Maple St, White Rock, BC, Canada",4591.0,6,9549.0,509.0,2016.0,SingleFamily,14/06/2023,2023-06-05,2338000.0
R2774075,3130000.0,6,5,"1157 Keil Cres, White Rock, BC, Canada",5273.0,6,11905.0,622.0,2016.0,SingleFamily,13/06/2023,2023-05-02,3280000.0
R2782959,490000.0,2,2,"1355 Fir St, White Rock, BC, Canada",1081.0,1,1754.0,467.0,1970.0,Condo,13/06/2023,2023-05-29,505000.0
R2784436,820000.0,2,1,"1480 Foster St, White Rock, BC, Canada",1247.0,1,2518.0,624.0,1976.0,Condo,11/06/2023,2023-06-04,779000.0
R2784577,690000.0,2,1,"15989 Marine Dr, White Rock, BC, Canada",977.0,1,2732.0,694.0,1983.0,Condo,11/06/2023,2023-06-04,679000.0
R2773457,525000.0,2,2,"1350 Vidal St, White Rock, BC, Canada",1045.0,1,1845.0,550.0,1984.0,Condo,11/06/2023,2023-05-02,575000.0
R2779264,2250000.0,3,2,"15256 Victoria Ave, White Rock, BC, Canada",2118.0,8,7214.0,1108.0,1988.0,SingleFamily,11/06/2023,2023-05-23,2348000.0
R2779655,2812500.0,5,5,"14753 Mcdonald Ave, White Rock, BC, Canada",4409.0,5,9572.0,680.0,2019.0,SingleFamily,10/06/2023,2023-05-16,2999900.0
R2780532,530000.0,1,1,"1521 George St, White Rock, BC, Canada",927.0,1,1686.0,591.0,1977.0,Condo,10/06/2023,2023-06-04,548000.0
R2756456,1500000.0,3,2,"14787 Mcdonald Ave, White Rock, BC, Canada",1768.0,3,6308.0,899.0,1936.0,SingleFamily,09/06/2023,2023-02-28,1590000.0
R2756615,1735800.0,4,3,"1022 Ewson St, White Rock, BC, Canada",3046.0,6,6812.0,607.0,1977.0,SingleFamily,08/06/2023,2023-02-28,1849988.0
R2776018,812000.0,2,2,"15367 Buena Vista Ave, White Rock, BC, Canada",1511.0,1,3127.0,562.0,1990.0,Condo,08/06/2023,2023-05-09,850000.0
R2779747,612000.0,2,1,"15466 N Bluff Rd, White Rock, BC, Canada",1235.0,1,2005.0,495.0,1996.0,Condo,08/06/2023,2023-05-22,612000.0
R2784246,1570000.0,4,2,"13770 Blackburn Ave, White Rock, BC, Canada",2324.0,4,6595.0,666.0,1968.0,SingleFamily,07/06/2023,2023-06-04,1549000.0
R2783191,589000.0,2,1,"15010 Roper Ave, White Rock, BC, Canada",959.0,1,2145.0,520.0,1974.0,Condo,06/06/2023,2023-05-31,499000.0
R2759548,1545000.0,2,2,"15165 Thrift Ave, White Rock, BC, Canada",1355.0,2,5699.0,1158.0,2021.0,Condo,06/06/2023,2023-03-13,1569900.0
R2776350,545000.0,2,1,"1381 Martin St, White Rock, BC, Canada",1020.0,1,1849.0,490.0,1977.0,Condo,05/06/2023,2023-05-08,499999.0
R2781771,505500.0,2,1,"1554 George St, White Rock, BC, Canada",1039.0,1,1863.0,481.0,1974.0,Condo,05/06/2023,2023-05-30,499800.0
R2765241,1490000.0,4,3,"15550 Goggs Ave, White Rock, BC, Canada",2745.0,3,6334.0,582.0,2004.0,SingleFamily,05/06/2023,2023-04-03,1599000.0
R2782358,735500.0,2,2,"1442 Foster St, White Rock, BC, Canada",1221.0,1,2442.0,593.0,1986.0,Condo,05/06/2023,2023-05-28,725000.0
R2782028,523500.0,2,1,"1561 Vidal St, White Rock, BC, Canada",1022.0,1,1839.0,503.0,1974.0,Condo,04/06/2023,2023-05-28,515000.0
R2779348,725000.0,2,2,"1225 Merklin St, White Rock, BC, Canada",1080.0,1,2360.0,647.0,1988.0,Townhouse,04/06/2023,2023-05-18,699000.0
R2782541,600000.0,2,2,"1280 Fir St, White Rock, BC, Canada",1019.0,1,1992.0,588.0,1986.0,Condo,03/06/2023,2023-05-31,599900.0
R2782250,601000.0,2,2,"1378 George St, White Rock, BC, Canada",1055.0,1,2018.0,559.0,1993.0,Condo,01/06/2023,2023-05-28,590000.0
R2782345,1500000.0,2,2,"15152 Russell Ave, White Rock, BC, Canada",1320.0,2,4004.0,1134.0,2008.0,Condo,31/05/2023,2023-05-29,1498000.0
R2772395,2987500.0,6,4,"1041 Ewson St, White Rock, BC, Canada",5016.0,8,8896.0,655.0,1993.0,SingleFamily,30/05/2023,2023-04-27,3288000.0
R2779963,781000.0,2,2,"1455 George St, White Rock, BC, Canada",915.0,1,2876.0,874.0,2013.0,Condo,30/05/2023,2023-05-17,799900.0
R2782257,365000.0,1,1,"1444 Martin St, White Rock, BC, Canada",675.0,1,1310.0,488.0,1973.0,Condo,30/05/2023,2023-05-29,329900.0
R2780810,752000.0,2,2,"15809 Marine Dr, White Rock, BC, Canada",1193.0,2,2884.0,611.0,1992.0,Condo,29/05/2023,2023-05-24,729000.0
R2781396,1401816.0,3,3,"14985 Victoria Ave, White Rock, BC, Canada",1875.0,2,3828.0,717.0,1980.0,Townhouse,29/05/2023,2023-05-24,1344900.0
R2766446,1055000.0,2,2,"1473 Johnston Rd, White Rock, BC, Canada",1290.0,2,3700.0,852.0,2008.0,Condo,29/05/2023,2023-04-10,1099800.0
R2775029,676500.0,2,2,"1378 Fir St, White Rock, BC, Canada",1370.0,1,2214.0,434.0,1986.0,Condo,26/04/2024,2024-04-23,674900.0
R2780917,850000.0,2,2,"15164 Prospect Ave, White Rock, BC, Canada",1098.0,2,2593.0,783.0,2007.0,Condo,28/05/2023,2023-05-18,859900.0
R2781238,1750000.0,3,2,"14140 Coldicutt Ave, White Rock, BC, Canada",2005.0,6,7158.0,847.0,1994.0,SingleFamily,28/05/2023,2023-05-23,1699000.0
R2779729,486500.0,2,1,"1381 Martin St, White Rock, BC, Canada",1026.0,1,1899.0,472.0,1977.0,Condo,27/05/2023,2023-05-23,485000.0
R2777101,2800000.0,3,3,"14559 Marine Dr, White Rock, BC, Canada",3025.0,4,10763.0,952.0,2014.0,SingleFamily,27/05/2023,2023-05-14,2880000.0
R2780750,540000.0,2,2,"1531 Merklin St, White Rock, BC, Canada",1099.0,1,1793.0,509.0,1981.0,Condo,27/05/2023,2023-05-23,559900.0
R2780549,1118000.0,3,2,"1338 Foster St, White Rock, BC, Canada",1449.0,3,4018.0,688.0,2014.0,Townhouse,26/05/2023,2023-05-22,998000.0
R2777437,2375000.0,5,4,"861 Parker St, White Rock, BC, Canada",3646.0,10,8945.0,682.0,2007.0,SingleFamily,25/05/2023,2023-05-14,2488000.0
R2779667,565000.0,2,2,"1234 Merklin St, White Rock, BC, Canada",1335.0,1,1755.0,448.0,1990.0,Condo,25/05/2023,2023-05-21,599000.0
R2765343,1110000.0,2,2,"1441 Johnston Rd, White Rock, BC, Canada",1117.0,2,4414.0,1073.0,2020.0,Condo,24/05/2023,2023-04-03,1199000.0
R2779672,515000.0,2,1,"1341 Foster St, White Rock, BC, Canada",1060.0,1,1799.0,476.0,1977.0,Condo,23/05/2023,2023-05-21,505000.0
R2776902,520000.0,2,1,"1521 George St, White Rock, BC, Canada",850.0,1,1740.0,644.0,1976.0,Condo,23/05/2023,2023-05-16,548000.0
R2777297,369900.0,1,1,"1429 Merklin St, White Rock, BC, Canada",642.0,1,1301.0,576.0,1974.0,Condo,22/05/2023,2023-05-11,369900.0
R2745524,1017000.0,2,2,"1473 Johnston Rd, White Rock, BC, Canada",1174.0,1,3618.0,877.0,2009.0,Condo,22/05/2023,2023-01-09,1030000.0
R2769872,2258000.0,5,3,"15896 Pacific Ave, White Rock, BC, Canada",3451.0,6,8768.0,691.0,2011.0,SingleFamily,21/05/2023,2023-04-16,2388000.0
R2779734,505000.0,2,1,"15466 N Bluff Rd, White Rock, BC, Canada",1175.0,1,1975.0,429.0,1996.0,Condo,21/05/2023,2023-05-21,505000.0
R2779201,679000.0,2,1,"1322 Martin St, White Rock, BC, Canada",1150.0,1,1977.0,590.0,1973.0,Condo,21/05/2023,2023-05-15,679000.0
R2778877,672500.0,2,2,"15809 Marine Dr, White Rock, BC, Canada",1146.0,1,2652.0,593.0,1994.0,Condo,21/05/2023,2023-05-16,679900.0
R2778546,445000.0,2,2,"1355 Winter St, White Rock, BC, Canada",940.0,1,1692.0,457.0,1980.0,Condo,18/05/2023,2023-05-15,429800.0
R2729311,1385000.0,3,2,"1216 Kent St, White Rock, BC, Canada",1969.0,4,5570.0,807.0,1971.0,SingleFamily,13/12/2023,2023-10-25,1449000.0
R2773257,625000.0,2,2,"1234 Merklin St, White Rock, BC, Canada",1373.0,0,2232.0,455.0,1990.0,Condo,17/05/2023,2023-04-30,624900.0
R2776258,3342500.0,4,4,"1117 Parker St, White Rock, BC, Canada",4465.0,10,13119.0,783.0,2015.0,SingleFamily,16/05/2023,2023-05-07,3499000.0
R2776664,588000.0,2,2,"1450 Merklin St, White Rock, BC, Canada",1076.0,1,1996.0,464.0,1991.0,Condo,15/05/2023,2023-05-08,499990.0
R2762500,925000.0,2,2,"1441 Johnston Rd, White Rock, BC, Canada",961.0,2,1771.0,976.0,2020.0,Condo,14/05/2023,2023-03-26,938000.0
R2775421,654000.0,2,2,"15213 Pacific Ave, White Rock, BC, Canada",1415.0,1,2458.0,472.0,1993.0,Condo,13/05/2023,2023-05-07,668000.0
R2750519,5800000.0,5,6,"14489 Marine Dr, White Rock, BC, Canada",5830.0,6,28386.0,1114.0,2020.0,SingleFamily,13/05/2023,2023-02-05,6500000.0
R2776295,1605000.0,4,3,"1407 Bishop Rd, White Rock, BC, Canada",2423.0,5,7062.0,577.0,1980.0,SingleFamily,11/05/2023,2023-05-09,1399999.0
R2774518,820000.0,2,2,"15284 Buena Vista Ave, White Rock, BC, Canada",1110.0,1,2758.0,719.0,1994.0,Condo,11/05/2023,2023-05-04,799000.0
R2770444,499000.0,1,1,"15154 Roper Ave, White Rock, BC, Canada",727.0,1,1837.0,671.0,1998.0,Condo,10/05/2023,2023-04-23,488000.0
R2773144,710000.0,2,1,"14017 Marine Dr, White Rock, BC, Canada",1165.0,1,2828.0,622.0,1972.0,Townhouse,10/05/2023,2023-04-29,724900.0
R2775422,738000.0,2,3,"1225 Merklin St, White Rock, BC, Canada",1530.0,1,2406.0,482.0,1988.0,Townhouse,10/05/2023,2023-05-04,738000.0
R2749913,825000.0,2,2,"1441 Johnston Rd, White Rock, BC, Canada",942.0,1,3143.0,942.0,2020.0,Condo,10/05/2023,2023-01-29,888000.0
R2774772,3610000.0,5,5,"15648 Cliff Ave, White Rock, BC, Canada",4434.0,6,11664.0,809.0,1965.0,SingleFamily,08/05/2023,2023-05-03,3588000.0
R2770258,820000.0,2,2,"15717 Marine Dr, White Rock, BC, Canada",1264.0,1,2866.0,648.0,1988.0,Condo,24/04/2023,2023-04-20,820000.0
R2759514,1135000.0,3,2,"1167 Vidal St, White Rock, BC, Canada",1931.0,2,3757.0,595.0,1996.0,Townhouse,14/04/2023,2023-03-12,1150000.0
R2759121,420000.0,2,2,"1379 Merklin St, White Rock, BC, Canada",1013.0,1,2006.0,393.0,1976.0,Condo,19/03/2023,2023-03-12,399000.0
R2744149,1100000.0,3,2,"1338 Foster St, White Rock, BC, Canada",1598.0,3,4239.0,706.0,2015.0,Townhouse,01/03/2023,2023-01-04,1129000.0
R2742778,530099.0,2,2,"1520 Vidal St, White Rock, BC, Canada",1009.0,1,1843.0,543.0,1981.0,Condo,09/02/2023,2022-12-14,548000.0
R2744771,1300099.0,2,1,"15582 Victoria Ave, White Rock, BC, Canada",1300.0,3,6139.0,1099.0,1950.0,SingleFamily,25/01/2023,2023-01-08,1429000.0
R2726053,368000.0,1,1,"1360 Martin St, White Rock, BC, Canada",656.0,1,1305.0,576.0,1973.0,Condo,11/10/2022,2022-09-22,378500.0
R2713383,660000.0,2,2,"15210 Pacific Ave, White Rock, BC, Canada",845.0,1,2142.0,814.0,1999.0,Condo,16/09/2022,2022-08-01,688000.0
R2717303,855000.0,2,2,"1581 Foster St, White Rock, BC, Canada",1473.0,1,2904.0,610.0,2004.0,Condo,26/08/2022,2022-08-16,899900.0
R2695531,1875000.0,6,3,"15427 Pacific Ave, White Rock, BC, Canada",3237.0,6,6515.0,617.0,1957.0,SingleFamily,31/07/2022,2022-05-30,1999999.0
R2686969,2770000.0,6,6,"14421 Saturna Dr, White Rock, BC, Canada",5369.0,5,10246.0,538.0,2017.0,SingleFamily,08/07/2022,2022-05-08,2890000.0
R2694410,890000.0,1,2,"15449 Marine Dr, White Rock, BC, Canada",957.0,1,4208.0,935.0,2013.0,Condo,07/06/2022,2022-05-29,895000.0
R2690276,920000.0,3,2,"14013 Marine Dr, White Rock, BC, Canada",1955.0,2,3173.0,470.0,1972.0,Townhouse,21/05/2022,2022-05-17,920000.0
R2683081,1765000.0,2,2,"1501 Vidal St, White Rock, BC, Canada",1535.0,2,5562.0,1165.0,2017.0,Condo,07/05/2022,2022-05-03,1789000.0
R2676883,1160000.0,2,2,"1119 Vidal St, White Rock, BC, Canada",1432.0,1,4166.0,698.0,1997.0,Condo,24/04/2022,2022-04-13,999900.0
R2672774,1000100.0,2,1,"15872 Thrift Ave, White Rock, BC, Canada",917.0,2,3652.0,871.0,1969.0,MultiFamily,06/04/2022,2022-04-04,799000.0
R2661773,1750000.0,3,2,"15170 Columbia Ave, White Rock, BC, Canada",1771.0,4,6521.0,1015.0,1978.0,SingleFamily,16/03/2022,2022-03-08,1799000.0
R2657691,560000.0,2,1,"1473 Blackwood St, White Rock, BC, Canada",958.0,1,1792.0,521.0,1985.0,Condo,07/03/2022,2022-02-27,499900.0
R2656136,800000.0,2,2,"1550 Martin St, White Rock, BC, Canada",1303.0,1,2805.0,613.0,2005.0,Condo,28/02/2022,2022-02-22,799000.0
R2649407,520000.0,2,2,"15111 Russell Ave, White Rock, BC, Canada",1624.0,1,2919.0,338.0,1988.0,Condo,17/02/2022,2022-02-03,550000.0
R2755428,1455000.0,6,3,"857 Kent St, White Rock, BC, Canada",2509.0,5,5871.0,597.0,1985.0,SingleFamily,03/04/2023,2023-02-27,1499900.0
R2615075,3200000.0,6,6,"1036 Cypress St, White Rock, BC, Canada",6286.0,6,12775.0,540.0,2012.0,SingleFamily,28/01/2022,2021-09-05,3398000.0
R2642515,912000.0,2,2,"1581 Foster St, White Rock, BC, Canada",1491.0,1,3306.0,595.0,2004.0,Condo,16/01/2022,2022-01-11,888000.0
R2639576,729500.0,2,2,"14820 Buena Vista Ave, White Rock, BC, Canada",979.0,1,2854.0,745.0,2017.0,Condo,28/12/2021,2021-12-16,729500.0
R2637375,2500000.0,3,2,"15480 Victoria Ave, White Rock, BC, Canada",3743.0,6,9510.0,614.0,2003.0,SingleFamily,08/12/2021,2021-12-05,2300000.0
R2634701,589000.0,2,1,"1153 Vidal St, White Rock, BC, Canada",880.0,1,1983.0,669.0,1996.0,Condo,23/11/2021,2021-11-21,589000.0
R2626364,460000.0,2,1,"15010 Roper Ave, White Rock, BC, Canada",990.0,1,2102.0,494.0,1974.0,Condo,12/11/2021,2021-10-17,489999.0
R2628340,1570000.0,3,2,"15492 Roper Ave, White Rock, BC, Canada",1857.0,4,5332.0,801.0,1982.0,SingleFamily,02/11/2021,2021-10-24,1489000.0
R2624145,1800000.0,4,1,"1346 Merklin St, White Rock, BC, Canada",2005.0,6,6911.0,1191.0,1965.0,SingleFamily,19/10/2021,2021-10-06,2388000.0
R2618552,415000.0,2,2,"1360 Martin St, White Rock, BC, Canada",961.0,1,1797.0,436.0,1974.0,Condo,02/10/2021,2021-09-15,419000.0
R2697336,1675000.0,3,2,"15169 Buena Vista Ave, White Rock, BC, Canada",2099.0,2,5167.0,808.0,1994.0,Condo,20/06/2022,2022-06-05,1698000.0
R2609255,296000.0,1,1,"1442 Blackwood St, White Rock, BC, Canada",621.0,1,1309.0,479.0,1974.0,Condo,08/09/2021,2021-08-11,298000.0
R2647152,518000.0,2,1,"1389 Winter St, White Rock, BC, Canada",944.0,1,1824.0,474.0,1977.0,Condo,06/02/2022,2022-01-30,448000.0
R2599459,1378000.0,5,2,"15580 Columbia Ave, White Rock, BC, Canada",2488.0,3,5328.0,557.0,1992.0,SingleFamily,08/07/2021,2021-07-04,1388000.0
R2579690,1584000.0,3,2,"1066 Cypress St, White Rock, BC, Canada",3052.0,0,6707.0,507.0,1953.0,SingleFamily,25/05/2021,2021-05-10,1550000.0
R2545517,1500000.0,3,2,"15290 Victoria Ave, White Rock, BC, Canada",2112.0,2,6308.0,615.0,2021.0,SingleFamily,14/03/2021,2021-02-25,1299000.0
R2568948,1390000.0,4,3,"15498 Russell Ave, White Rock, BC, Canada",2533.0,1,6392.0,552.0,2018.0,SingleFamily,30/04/2021,2021-04-19,1399000.0
R2559549,1414000.0,3,2,"1475 Oxford St, White Rock, BC, Canada",1789.0,0,5170.0,838.0,1984.0,SingleFamily,28/05/2021,2021-03-31,1499900.0
R2542934,2150000.0,6,5,"939 Maple St, White Rock, BC, Canada",4164.0,0,5118.0,549.0,2019.0,SingleFamily,22/05/2021,2021-02-23,2288000.0
R2558705,1855500.0,3,3,"15452 Victoria Ave, White Rock, BC, Canada",3060.0,11,7400.0,588.0,1989.0,SingleFamily,06/04/2021,2021-03-30,1800000.0
R2567887,2490000.0,6,5,"15311 Royal Ave, White Rock, BC, Canada",4473.0,0,9359.0,578.0,2016.0,SingleFamily,15/05/2021,2021-04-18,2588000.0
R2570508,2900000.0,7,7,"1560 Brearley St, White Rock, BC, Canada",6072.0,0,10588.0,510.0,2018.0,SingleFamily,24/06/2021,2021-04-20,3100000.0
R2589027,1455000.0,5,2,"13809 Malabar Ave, White Rock, BC, Canada",2543.0,0,6119.0,589.0,1968.0,SingleFamily,28/06/2021,2021-06-03,1498000.0
R2581371,1181000.0,4,2,"833 Stayte Rd, White Rock, BC, Canada",1778.0,0,4047.0,669.0,1977.0,SingleFamily,27/06/2021,2021-05-16,1189999.0
R2594446,1420000.0,3,3,"14934 Thrift Ave, White Rock, BC, Canada",2468.0,2,5539.0,591.0,1996.0,Condo,22/06/2021,2021-06-17,1459900.0
R2575494,1400000.0,4,2,"1275 Kent St, White Rock, BC, Canada",2133.0,0,5702.0,702.0,1964.0,SingleFamily,28/06/2021,2021-05-03,1499000.0
R2583456,1480000.0,3,2,"971 Parker St, White Rock, BC, Canada",2342.0,0,5529.0,640.0,1968.0,SingleFamily,21/06/2021,2021-05-20,1499000.0
R2579774,2199000.0,5,4,"14139 Marine Dr, White Rock, BC, Canada",4029.0,0,9232.0,545.0,1996.0,SingleFamily,20/06/2021,2021-05-10,2199000.0
R2569819,1100000.0,2,2,"14788 Gordon Ave, White Rock, BC, Canada",1136.0,0,5265.0,1054.0,1940.0,SingleFamily,12/07/2021,2021-04-20,1198000.0
R2583049,1450000.0,3,2,"13725 Coldicutt Ave, White Rock, BC, Canada",2002.0,3,5342.0,748.0,1967.0,SingleFamily,13/07/2021,2021-05-18,1498000.0
R2585590,300000.0,2,1,"1320 Fir St, White Rock, BC, Canada",839.0,1,1478.0,375.0,1973.0,Condo,13/07/2021,2021-05-25,315000.0
R2592451,675000.0,2,2,"15130 Prospect Ave, White Rock, BC, Canada",1435.0,1,3294.0,480.0,1990.0,Condo,13/07/2021,2021-06-13,688800.0
R2599469,483000.0,1,1,"1455 George St, White Rock, BC, Canada",772.0,2,1865.0,632.0,2013.0,Condo,14/07/2021,2021-07-06,488000.0
R2592145,400000.0,2,1,"1561 Vidal St, White Rock, BC, Canada",973.0,1,1836.0,421.0,1974.0,Condo,14/07/2021,2021-06-10,410000.0
R2637037,1600000.0,4,2,"15973 Buena Vista Ave, White Rock, BC, Canada",1980.0,0,5831.0,807.0,1967.0,SingleFamily,01/12/2021,2021-12-01,1599000.0
R2603851,460000.0,2,1,"1533 Best St, White Rock, BC, Canada",1046.0,1,2138.0,430.0,1992.0,Condo,22/07/2021,2021-07-21,449900.0
R2603125,2149000.0,4,2,"15482 Columbia Ave, White Rock, BC, Canada",2399.0,5,7993.0,895.0,1987.0,SingleFamily,25/07/2021,2021-07-18,2149000.0
R2603129,640000.0,2,2,"15621 Marine Dr, White Rock, BC, Canada",1074.0,1,2337.0,605.0,2004.0,Condo,24/07/2021,2021-07-20,650000.0
R2585115,1900000.0,5,4,"882 Stevens St, White Rock, BC, Canada",3648.0,6,6345.0,531.0,2000.0,SingleFamily,22/07/2021,2021-05-25,1939000.0
R2576583,1140000.0,2,2,"1501 Vidal St, White Rock, BC, Canada",1289.0,2,4835.0,884.0,2017.0,Condo,24/07/2021,2021-05-03,1140000.0
R2603789,2285000.0,4,4,"15079 Victoria Ave, White Rock, BC, Canada",3754.0,2,7774.0,584.0,1998.0,SingleFamily,25/07/2021,2021-07-20,2195000.0
R2594660,1850000.0,2,2,"1148 Johnston Rd, White Rock, BC, Canada",2360.0,4,7575.0,804.0,2019.0,Townhouse,24/07/2021,2021-06-20,1899000.0
R2605492,430000.0,1,1,"1588 Best St, White Rock, BC, Canada",697.0,1,1697.0,601.0,1995.0,Condo,06/08/2021,2021-07-28,419000.0
R2760662,779000.0,2,2,"15152 Russell Ave, White Rock, BC, Canada",953.0,1,2779.0,833.0,2008.0,Condo,02/04/2023,2023-03-15,794800.0
R2605119,460000.0,2,2,"1480 Vidal St, White Rock, BC, Canada",1119.0,1,1946.0,428.0,1981.0,Condo,05/08/2021,2021-07-26,479900.0
R2597274,2090000.0,7,6,"15721 Roper Ave, White Rock, BC, Canada",3584.0,6,7962.0,610.0,2018.0,SingleFamily,06/08/2021,2021-06-28,2188000.0
R2746988,953000.0,2,2,"1441 Johnston Rd, White Rock, BC, Canada",1015.0,1,3372.0,945.0,2020.0,Condo,12/02/2023,2023-01-17,959500.0
R2512335,718000.0,2,2,"1455 George St, White Rock, BC, Canada",857.0,2,2938.0,932.0,2013.0,Condo,05/08/2021,2020-10-27,799000.0
R2596357,345000.0,2,1,"1360 Martin St, White Rock, BC, Canada",848.0,1,1641.0,412.0,1973.0,Condo,20/08/2021,2021-06-23,349900.0
R2609678,1960000.0,3,3,"15527 Vista Dr, White Rock, BC, Canada",2862.0,2,6710.0,681.0,1988.0,SingleFamily,20/08/2021,2021-08-15,1949999.0
R2594198,820000.0,2,2,"1255 Best St, White Rock, BC, Canada",1283.0,2,2607.0,662.0,1989.0,Condo,21/08/2021,2021-06-20,850000.0
R2596013,900000.0,2,2,"15152 Russell Ave, White Rock, BC, Canada",1180.0,1,3928.0,794.0,2009.0,Condo,21/08/2021,2021-06-22,938000.0
R2636054,730000.0,2,2,"15176 Buena Vista Ave, White Rock, BC, Canada",1254.0,1,3316.0,590.0,1990.0,Condo,18/12/2021,2021-11-28,739900.0
R2593201,4200000.0,7,7,"15621 Cliff Ave, White Rock, BC, Canada",6540.0,12,14658.0,687.0,2016.0,SingleFamily,18/08/2021,2021-06-14,4498000.0
R2584180,2090000.0,4,3,"14283 Malabar Ave, White Rock, BC, Canada",2972.0,6,7598.0,736.0,1990.0,SingleFamily,30/08/2021,2021-05-24,2188000.0
R2613627,425000.0,2,2,"1449 Merklin St, White Rock, BC, Canada",1287.0,1,2002.0,330.0,1982.0,Condo,30/08/2021,2021-08-30,425000.0
R2610748,315000.0,2,1,"1360 Martin St, White Rock, BC, Canada",825.0,1,1558.0,393.0,1974.0,Condo,31/08/2021,2021-08-18,325000.0
R2605429,350000.0,1,1,"1341 George St, White Rock, BC, Canada",749.0,1,1272.0,460.0,1981.0,Condo,30/08/2021,2021-07-27,345000.0
R2607727,1735000.0,4,2,"828 Parker St, White Rock, BC, Canada",3327.0,8,6411.0,540.0,1999.0,SingleFamily,31/08/2021,2021-08-05,1799000.0
R2543220,1775000.0,4,2,"14591 Gordon Ave, White Rock, BC, Canada",2271.0,2,7527.0,880.0,1959.0,SingleFamily,29/08/2021,2021-03-02,1999000.0
R2612758,340000.0,1,1,"15111 Russell Ave, White Rock, BC, Canada",696.0,1,1801.0,502.0,1988.0,Condo,29/08/2021,2021-08-26,349900.0
R2738641,405000.0,2,1,"1555 Fir St, White Rock, BC, Canada",875.0,1,1650.0,474.0,1974.0,Condo,27/04/2023,2022-11-14,415000.0
R2617207,460000.0,2,1,"1554 George St, White Rock, BC, Canada",1107.0,1,1946.0,414.0,1974.0,Condo,14/09/2021,2021-09-12,459000.0
R2617844,453000.0,2,2,"1520 Vidal St, White Rock, BC, Canada",1012.0,1,1797.0,453.0,1981.0,Condo,16/09/2021,2021-09-14,459000.0
R2600899,755500.0,2,2,"1580 Martin St, White Rock, BC, Canada",1490.0,1,3352.0,516.0,2004.0,Condo,16/09/2021,2021-07-11,769500.0
R2616267,425000.0,2,1,"1280 Fir St, White Rock, BC, Canada",897.0,1,1784.0,467.0,1986.0,Condo,14/09/2021,2021-09-09,419000.0
R2616153,395000.0,1,1,"1588 Best St, White Rock, BC, Canada",699.0,1,1580.0,570.0,1996.0,Condo,16/09/2021,2021-09-12,399000.0
R2615798,1886500.0,5,4,"948 Kent St, White Rock, BC, Canada",3260.0,2,8259.0,582.0,2003.0,SingleFamily,15/09/2021,2021-09-08,1899800.0
R2745774,3200000.0,5,5,"15288 Royal Ave, White Rock, BC, Canada",4662.0,8,12134.0,697.0,2017.0,SingleFamily,18/02/2023,2023-01-11,3250000.0
R2610960,253000.0,1,1,"1520 Blackwood St, White Rock, BC, Canada",683.0,1,707.0,291.0,1974.0,Condo,27/09/2021,2021-08-17,199000.0
R2618182,425000.0,2,1,"1526 George St, White Rock, BC, Canada",847.0,1,1716.0,506.0,1978.0,Condo,26/09/2021,2021-09-14,428800.0
R2756243,530000.0,2,2,"15111 Russell Ave, White Rock, BC, Canada",1277.0,1,1948.0,429.0,1988.0,Condo,07/03/2023,2023-03-01,548000.0
R2608802,1599900.0,3,3,"1439 George St, White Rock, BC, Canada",1539.0,2,3503.0,1039.0,2021.0,Condo,25/09/2021,2021-08-10,1599900.0
R2620472,1566000.0,4,2,"15500 Oxenham Ave, White Rock, BC, Canada",1944.0,4,5428.0,758.0,1972.0,SingleFamily,06/10/2021,2021-09-22,1475000.0
R2622358,790000.0,2,2,"1333 Winter St, White Rock, BC, Canada",1050.0,2,3559.0,776.0,2013.0,Condo,06/10/2021,2021-09-30,815000.0
R2615818,875000.0,2,2,"1473 Johnston Rd, White Rock, BC, Canada",1196.0,2,3889.0,743.0,2009.0,Condo,07/10/2021,2021-09-07,889000.0
R2562569,1440000.0,3,2,"14847 Buena Vista Ave, White Rock, BC, Canada",1720.0,1,5807.0,859.0,9999.0,SingleFamily,06/10/2021,2021-04-07,1478000.0
R2612513,410000.0,2,2,"1350 Vidal St, White Rock, BC, Canada",993.0,1,1852.0,421.0,1984.0,Condo,16/10/2021,2021-08-25,419000.0
R2614637,1450000.0,3,2,"1455 George St, White Rock, BC, Canada",1637.0,2,5650.0,915.0,2013.0,Condo,16/10/2021,2021-09-06,1499000.0
R2756467,1820000.0,2,2,"15165 Thrift Ave, White Rock, BC, Canada",1523.0,2,6959.0,1305.0,2021.0,Condo,23/03/2023,2023-02-28,1989000.0
R2624610,1225000.0,2,1,"14729 Gordon Ave, White Rock, BC, Canada",1518.0,4,4978.0,810.0,1924.0,SingleFamily,16/10/2021,2021-10-10,1229900.0
R2625660,480000.0,1,1,"1322 Martin St, White Rock, BC, Canada",998.0,1,1856.0,429.0,1972.0,Condo,17/10/2021,2021-10-12,429000.0
R2626321,1529900.0,3,2,"1439 George St, White Rock, BC, Canada",1873.0,2,4171.0,816.0,2021.0,Townhouse,29/10/2021,2021-10-14,1529900.0
R2625902,620000.0,0,1,"14881 Marine Dr, White Rock, BC, Canada",891.0,1,2497.0,728.0,1976.0,Condo,26/10/2021,2021-10-14,649500.0
R2623105,1160000.0,2,2,"1501 Vidal St, White Rock, BC, Canada",1277.0,2,5011.0,938.0,2017.0,Condo,24/10/2021,2021-10-03,1199000.0
R2616590,915000.0,2,2,"1441 Johnston Rd, White Rock, BC, Canada",1012.0,2,3485.0,937.0,2020.0,Condo,26/10/2021,2021-09-08,949000.0
R2606203,2098000.0,3,2,"14732 Oxenham Ave, White Rock, BC, Canada",1995.0,5,6389.0,1051.0,1979.0,SingleFamily,29/10/2021,2021-08-02,2098000.0
R2629233,430000.0,2,1,"1526 George St, White Rock, BC, Canada",898.0,1,1799.0,467.0,1980.0,Condo,28/10/2021,2021-10-27,420000.0
R2699668,480000.0,2,2,"1459 Blackwood St, White Rock, BC, Canada",1087.0,1,1807.0,459.0,1987.0,Condo,20/08/2022,2022-06-15,499900.0
R2626237,1570000.0,2,2,"15257 Victoria Ave, White Rock, BC, Canada",1840.0,2,6635.0,869.0,1974.0,SingleFamily,07/11/2021,2021-10-17,1599000.0
R2630711,1502500.0,4,3,"15880 Buena Vista Ave, White Rock, BC, Canada",2316.0,4,5553.0,610.0,1979.0,SingleFamily,08/11/2021,2021-11-02,1415000.0
R2627177,2875000.0,5,4,"15781 Pacific Ave, White Rock, BC, Canada",4411.0,4,9341.0,656.0,2006.0,SingleFamily,07/11/2021,2021-10-20,2898000.0
R2630219,1570000.0,4,2,"15468 Thrift Ave, White Rock, BC, Canada",2604.0,4,6036.0,576.0,1960.0,SingleFamily,08/11/2021,2021-11-01,1500000.0
R2621724,565000.0,2,2,"1400 George St, White Rock, BC, Canada",1373.0,1,2321.0,421.0,1990.0,Condo,08/11/2021,2021-09-27,579000.0
R2629596,1150000.0,3,2,"15018 Thrift Ave, White Rock, BC, Canada",2148.0,2,3922.0,464.0,1989.0,Condo,07/11/2021,2021-10-28,998000.0
R2629468,2367000.0,7,6,"1580 Chestnut St, White Rock, BC, Canada",5490.0,7,10424.0,436.0,2018.0,SingleFamily,16/11/2021,2021-10-27,2399000.0
R2618228,649800.0,2,2,"1442 Foster St, White Rock, BC, Canada",1367.0,1,2687.0,475.0,1986.0,Condo,17/11/2021,2021-09-12,649800.0
R2624089,520000.0,1,1,"15809 Marine Dr, White Rock, BC, Canada",836.0,1,2158.0,632.0,1992.0,Condo,17/11/2021,2021-10-06,528900.0
R2629526,510000.0,2,2,"1378 George St, White Rock, BC, Canada",1154.0,1,2083.0,394.0,1993.0,Condo,17/11/2021,2021-10-27,455000.0
R2632177,410000.0,1,1,"1410 Blackwood St, White Rock, BC, Canada",810.0,1,1573.0,462.0,1977.0,Condo,16/11/2021,2021-11-09,375000.0
R2630083,335000.0,1,1,"1390 Martin St, White Rock, BC, Canada",918.0,1,1621.0,380.0,1977.0,Condo,16/11/2021,2021-10-29,349000.0
R2632104,535000.0,2,2,"1280 Merklin St, White Rock, BC, Canada",842.0,1,1939.0,617.0,2000.0,Condo,16/11/2021,2021-11-09,519900.0
R2627192,390000.0,2,2,"1379 Merklin St, White Rock, BC, Canada",1161.0,1,1837.0,344.0,1976.0,Condo,16/11/2021,2021-10-18,399800.0
R2635320,665000.0,2,2,"15233 Pacific Ave, White Rock, BC, Canada",1199.0,1,2051.0,541.0,1993.0,Condo,30/11/2021,2021-11-23,649500.0
R2704746,350000.0,1,1,"1360 Martin St, White Rock, BC, Canada",722.0,1,1460.0,455.0,1974.0,Condo,28/06/2022,2022-06-27,329000.0
R2623338,1398000.0,2,2,"14855 Thrift Ave, White Rock, BC, Canada",1372.0,2,6465.0,1055.0,2014.0,Condo,04/12/2021,2021-10-04,1448800.0
R2635016,1720000.0,4,3,"1170 Stevens St, White Rock, BC, Canada",3308.0,4,7054.0,540.0,1983.0,SingleFamily,30/11/2021,2021-11-21,1788000.0
R2635534,832320.0,3,2,"1486 Everall St, White Rock, BC, Canada",1468.0,2,3580.0,565.0,2009.0,Townhouse,29/11/2021,2021-11-23,829900.0
R2627589,2290000.0,2,2,"1439 George St, White Rock, BC, Canada",1550.0,2,3436.0,1548.0,2021.0,Condo,17/12/2021,2021-10-19,2399900.0
R2625517,391500.0,2,2,"1379 Merklin St, White Rock, BC, Canada",1161.0,1,1829.0,353.0,1976.0,Condo,19/12/2021,2021-10-12,409990.0
R2613953,720000.0,2,2,"1420 Johnston Rd, White Rock, BC, Canada",875.0,1,2812.0,844.0,2013.0,Condo,14/12/2021,2021-08-29,739000.0
R2618976,660000.0,3,2,"1508 Blackwood St, White Rock, BC, Canada",1543.0,1,3158.0,453.0,1987.0,Townhouse,18/12/2021,2021-09-16,699800.0
R2677861,690000.0,2,1,"1480 Foster St, White Rock, BC, Canada",1103.0,1,2004.0,633.0,1976.0,Condo,15/05/2022,2022-04-17,699000.0
R2694209,1349000.0,2,2,"1439 George St, White Rock, BC, Canada",1184.0,1,2768.0,1139.0,2021.0,Condo,06/06/2022,2022-05-26,1349000.0
R2640130,745000.0,2,2,"15777 Marine Dr, White Rock, BC, Canada",1066.0,0,3042.0,700.0,2006.0,Condo,06/01/2022,2021-12-27,746999.0
R2628878,3400000.0,5,4,"14170 Wheatley Ave, White Rock, BC, Canada",5101.0,5,8851.0,666.0,1990.0,SingleFamily,06/01/2022,2021-10-25,3399000.0
R2637718,400000.0,1,1,"15111 Russell Ave, White Rock, BC, Canada",765.0,1,1995.0,522.0,1988.0,Condo,04/01/2022,2021-12-06,399900.0
R2641014,1890000.0,3,2,"15220 Columbia Ave, White Rock, BC, Canada",2046.0,4,6582.0,923.0,1978.0,SingleFamily,08/01/2022,2022-01-04,1890000.0
R2643807,1858000.0,4,3,"15480 Oxenham Ave, White Rock, BC, Canada",2358.0,3,5577.0,678.0,1967.0,SingleFamily,23/01/2022,2022-01-16,1599000.0
R2643598,1740000.0,5,2,"13680 Blackburn Ave, White Rock, BC, Canada",2400.0,2,6123.0,635.0,1973.0,SingleFamily,23/01/2022,2022-01-18,1525000.0
R2638414,620000.0,2,2,"15717 Marine Dr, White Rock, BC, Canada",1020.0,1,2390.0,661.0,1988.0,Condo,20/01/2022,2021-12-08,675000.0
R2640676,826000.0,2,2,"15164 Prospect Ave, White Rock, BC, Canada",1056.0,1,3047.0,756.0,2007.0,Condo,20/01/2022,2022-01-03,799000.0
R2649168,510000.0,2,2,"15111 Russell Ave, White Rock, BC, Canada",1601.0,1,2915.0,311.0,1987.0,Townhouse,03/02/2022,2022-02-03,498000.0
R2644910,370000.0,1,1,"1442 Blackwood St, White Rock, BC, Canada",624.0,1,1352.0,560.0,1974.0,Condo,31/01/2022,2022-01-24,349900.0
R2641053,365000.0,2,2,"1360 Martin St, White Rock, BC, Canada",984.0,1,1868.0,370.0,1973.0,Condo,01/02/2022,2022-01-05,365000.0
R2649160,598888.0,1,1,"1441 Johnston Rd, White Rock, BC, Canada",553.0,1,1508.0,1082.0,2020.0,Condo,05/02/2022,2022-02-01,598888.0
R2649481,1226000.0,2,2,"15165 Thrift Ave, White Rock, BC, Canada",950.0,1,3755.0,1052.0,2020.0,Condo,13/02/2022,2022-02-03,999900.0
R2646966,965000.0,2,2,"14934 Thrift Ave, White Rock, BC, Canada",1780.0,2,3931.0,561.0,1996.0,Condo,14/02/2022,2022-01-30,999800.0
R2700253,510000.0,1,2,"1350 Vidal St, White Rock, BC, Canada",983.0,1,1880.0,527.0,1984.0,Condo,04/08/2022,2022-06-14,519000.0
R2648803,1421000.0,2,2,"1439 George St, White Rock, BC, Canada",1302.0,2,2990.0,997.0,2021.0,Condo,13/02/2022,2022-02-06,1299000.0
R2653860,549000.0,2,2,"1378 George St, White Rock, BC, Canada",1061.0,1,2103.0,517.0,1993.0,Condo,23/02/2022,2022-02-15,549000.0
R2653280,3250000.0,4,4,"14342 Sunset Dr, White Rock, BC, Canada",5242.0,4,12882.0,665.0,2007.0,SingleFamily,22/02/2022,2022-02-13,3488000.0
R2655052,1630000.0,3,3,"919 Kent St, White Rock, BC, Canada",2840.0,6,5245.0,587.0,1950.0,SingleFamily,22/02/2022,2022-02-21,1668000.0
R2652385,1330000.0,1,1,"883 Finlay St, White Rock, BC, Canada",768.0,2,4033.0,1692.0,1957.0,SingleFamily,22/02/2022,2022-02-13,1299900.0
R2650613,1200000.0,2,2,"15165 Thrift Ave, White Rock, BC, Canada",984.0,2,4107.0,1016.0,2020.0,Condo,23/02/2022,2022-02-06,999999.0
R2653299,1770000.0,5,3,"15487 Thrift Ave, White Rock, BC, Canada",2428.0,4,6101.0,658.0,2011.0,SingleFamily,21/02/2022,2022-02-14,1599900.0
R2654685,3071000.0,6,3,"14237 Vine Ave, White Rock, BC, Canada",5011.0,4,8838.0,576.0,2018.0,SingleFamily,23/02/2022,2022-02-17,2888000.0
R2654093,1800000.0,4,3,"15456 Russell Ave, White Rock, BC, Canada",2462.0,3,6664.0,726.0,2018.0,SingleFamily,21/02/2022,2022-02-16,1788000.0
R2645619,725000.0,2,2,"1119 Vidal St, White Rock, BC, Canada",1045.0,1,3039.0,693.0,1996.0,Condo,04/03/2022,2022-01-24,725000.0
R2653240,1120000.0,2,2,"1441 Johnston Rd, White Rock, BC, Canada",977.0,2,3245.0,1176.0,2020.0,Condo,05/03/2022,2022-02-13,1149000.0
R2658915,1500000.0,4,2,"1045 Stevens St, White Rock, BC, Canada",2112.0,4,5106.0,733.0,1976.0,SingleFamily,05/03/2022,2022-02-27,1550000.0
R2656732,1828000.0,5,3,"15455 Goggs Ave, White Rock, BC, Canada",2420.0,3,6188.0,759.0,2011.0,SingleFamily,05/03/2022,2022-02-22,1838000.0
R2656170,479900.0,2,2,"15111 Russell Ave, White Rock, BC, Canada",1149.0,1,2546.0,417.0,1988.0,Condo,04/03/2022,2022-02-22,479900.0
R2654640,1025000.0,2,1,"14985 Victoria Ave, White Rock, BC, Canada",1664.0,2,3532.0,660.0,1981.0,Townhouse,01/03/2022,2022-02-21,1099000.0
R2651515,1710000.0,3,2,"15838 Prospect Cres, White Rock, BC, Canada",2160.0,8,6339.0,833.0,1971.0,SingleFamily,11/03/2022,2022-02-09,1799900.0
R2652268,962500.0,2,2,"1441 Johnston Rd, White Rock, BC, Canada",1011.0,2,3444.0,987.0,2020.0,Condo,13/03/2022,2022-02-13,998000.0
R2656506,435000.0,1,1,"1442 Blackwood St, White Rock, BC, Canada",624.0,1,1334.0,639.0,1974.0,Condo,11/03/2022,2022-02-22,399000.0
R2662518,1705000.0,5,2,"13673 Malabar Ave, White Rock, BC, Canada",2606.0,4,6617.0,613.0,1973.0,SingleFamily,13/03/2022,2022-03-08,1599900.0
R2663852,1951000.0,5,3,"1263 Parker St, White Rock, BC, Canada",3500.0,6,6216.0,514.0,1969.0,SingleFamily,22/03/2022,2022-03-13,1800000.0
R2663898,1950000.0,5,3,"15572 Finlay Crt, White Rock, BC, Canada",3543.0,6,5287.0,535.0,1985.0,SingleFamily,21/03/2022,2022-03-13,1899000.0
R2652833,509000.0,2,2,"1442 Foster St, White Rock, BC, Canada",1153.0,1,2053.0,467.0,1981.0,Condo,21/03/2022,2022-02-10,539000.0
R2665431,912000.0,2,2,"14855 Thrift Ave, White Rock, BC, Canada",1039.0,2,3283.0,879.0,2015.0,Condo,20/03/2022,2022-03-15,914000.0
R2666562,670000.0,2,2,"1441 Blackwood St, White Rock, BC, Canada",1270.0,1,2089.0,470.0,1989.0,Condo,21/03/2022,2022-03-15,598000.0
R2665146,1750000.0,4,3,"15495 Thrift Ave, White Rock, BC, Canada",2571.0,3,5904.0,660.0,2002.0,SingleFamily,20/03/2022,2022-03-13,1699000.0
R2662331,1550000.0,4,2,"828 Maple St, White Rock, BC, Canada",2064.0,5,5084.0,677.0,1984.0,SingleFamily,20/03/2022,2022-03-13,1399000.0
R2664754,462264.0,2,1,"1341 George St, White Rock, BC, Canada",843.0,1,1568.0,474.0,1983.0,Condo,21/03/2022,2022-03-14,399900.0
R2660259,2380000.0,4,4,"15663 Pacific Ave, White Rock, BC, Canada",3120.0,4,7423.0,640.0,1990.0,SingleFamily,02/04/2022,2022-03-01,1999000.0
R2649373,1070000.0,3,2,"14022 N Bluff Rd, White Rock, BC, Canada",1269.0,2,3555.0,944.0,2019.0,Condo,02/04/2022,2022-02-07,1199000.0
R2664192,2230000.0,5,4,"14717 Mcdonald Ave, White Rock, BC, Canada",3504.0,3,7474.0,681.0,1998.0,SingleFamily,03/04/2022,2022-03-13,2389000.0
R2671354,499999.0,2,2,"1280 Fir St, White Rock, BC, Canada",983.0,1,1894.0,488.0,1986.0,Condo,02/04/2022,2022-03-28,480000.0
R2668856,575000.0,2,1,"1526 George St, White Rock, BC, Canada",885.0,1,1758.0,620.0,1980.0,Condo,31/03/2022,2022-03-27,549000.0
R2663994,650000.0,2,2,"1480 Vidal St, White Rock, BC, Canada",1336.0,1,1909.0,500.0,1981.0,Condo,02/04/2022,2022-03-13,668000.0
R2673153,591000.0,1,1,"15809 Marine Dr, White Rock, BC, Canada",822.0,1,2183.0,704.0,1992.0,Condo,11/04/2022,2022-04-04,579000.0
R2674022,1600000.0,4,2,"14773 Marine Dr, White Rock, BC, Canada",2250.0,2,5855.0,622.0,1930.0,SingleFamily,11/04/2022,2022-04-05,1399900.0
R2675162,845000.0,2,2,"1551 Foster St, White Rock, BC, Canada",1282.0,1,2552.0,655.0,2005.0,Condo,13/04/2022,2022-04-10,839900.0
R2671817,3050000.0,4,2,"15669 Cliff Ave, White Rock, BC, Canada",2489.0,8,8737.0,1197.0,1959.0,SingleFamily,11/04/2022,2022-03-30,2980000.0
R2677097,3150000.0,3,3,"1439 George St, White Rock, BC, Canada",1701.0,2,3837.0,1698.0,2021.0,Condo,15/04/2022,2022-04-11,2889000.0
R2680165,2109000.0,6,4,"15083 Buena Vista Ave, White Rock, BC, Canada",3161.0,5,6171.0,600.0,1990.0,SingleFamily,01/05/2022,2022-04-21,1898000.0
R2662001,990099.0,2,2,"1441 Johnston Rd, White Rock, BC, Canada",1015.0,2,3577.0,1044.0,2020.0,Condo,28/04/2022,2022-03-13,1059900.0
R2683204,900000.0,2,2,"15210 Pacific Ave, White Rock, BC, Canada",1305.0,1,3128.0,688.0,1999.0,Condo,02/05/2022,2022-05-02,899000.0
R2677558,1650000.0,3,2,"1569 Cory Rd, White Rock, BC, Canada",1455.0,2,5866.0,1168.0,1962.0,SingleFamily,01/05/2022,2022-04-18,1699999.0
R2680295,565900.0,1,1,"14022 N Bluff Rd, White Rock, BC, Canada",701.0,1,2142.0,784.0,2020.0,Condo,30/04/2022,2022-04-23,549900.0
R2741204,1150000.0,2,2,"15747 Marine Dr, White Rock, BC, Canada",1133.0,1,3142.0,1092.0,2012.0,Condo,30/01/2023,2022-11-30,1238000.0
R2674863,1250000.0,2,1,"952 Maple St, White Rock, BC, Canada",815.0,3,4288.0,1653.0,9999.0,SingleFamily,28/04/2022,2022-04-10,1348000.0
R2679984,645000.0,2,2,"15210 Pacific Ave, White Rock, BC, Canada",882.0,1,2067.0,714.0,1999.0,Condo,30/04/2022,2022-04-21,630000.0
R2677293,510000.0,2,2,"15111 Russell Ave, White Rock, BC, Canada",1185.0,1,3011.0,421.0,1987.0,Condo,12/05/2022,2022-04-18,499000.0
R2684254,580000.0,2,2,"1449 Merklin St, White Rock, BC, Canada",1293.0,1,1950.0,456.0,1982.0,Condo,12/05/2022,2022-05-02,589900.0
R2682093,840000.0,2,2,"1551 Foster St, White Rock, BC, Canada",1258.0,1,2606.0,674.0,2005.0,Condo,14/05/2022,2022-04-27,849000.0
R2685913,454000.0,2,1,"1341 Foster St, White Rock, BC, Canada",944.0,1,1593.0,480.0,1977.0,Condo,14/05/2022,2022-05-08,454000.0
R2686924,1012777.0,2,2,"1473 Johnston Rd, White Rock, BC, Canada",1278.0,1,4117.0,781.0,2009.0,Condo,14/05/2022,2022-05-09,999000.0
R2684531,854800.0,2,2,"15621 Marine Dr, White Rock, BC, Canada",1358.0,1,2830.0,653.0,2004.0,Condo,13/05/2022,2022-05-03,888000.0
R2693374,2730000.0,6,6,"14022 Blackburn Ave, White Rock, BC, Canada",4522.0,6,9759.0,596.0,2016.0,SingleFamily,01/06/2022,2022-05-31,2698000.0
R2695384,489900.0,1,1,"1442 Foster St, White Rock, BC, Canada",925.0,1,1825.0,529.0,1982.0,Condo,02/06/2022,2022-06-01,489900.0
R2671089,520000.0,2,2,"1526 George St, White Rock, BC, Canada",860.0,1,1685.0,633.0,1979.0,Condo,03/06/2022,2022-03-28,545000.0
R2672180,980000.0,2,2,"15165 Thrift Ave, White Rock, BC, Canada",983.0,1,3469.0,1005.0,2020.0,Condo,04/06/2022,2022-04-02,988000.0
R2694459,925000.0,3,2,"1456 Everall St, White Rock, BC, Canada",1560.0,2,3758.0,592.0,2011.0,Townhouse,02/06/2022,2022-06-01,925000.0
R2687209,1550000.0,4,3,"15544 Russell Ave, White Rock, BC, Canada",3021.0,5,5449.0,527.0,2006.0,SingleFamily,01/06/2022,2022-05-15,1595000.0
R2681608,730000.0,2,2,"15941 Marine Dr, White Rock, BC, Canada",1219.0,1,2660.0,615.0,1992.0,Condo,16/06/2022,2022-04-25,750000.0
R2693389,2085000.0,4,3,"14744 Gordon Ave, White Rock, BC, Canada",2433.0,6,7810.0,904.0,2019.0,SingleFamily,14/06/2022,2022-05-23,2199999.0
R2698641,1715000.0,4,3,"1266 Finlay St, White Rock, BC, Canada",2953.0,6,6018.0,609.0,1970.0,SingleFamily,13/06/2022,2022-06-09,1799900.0
R2693845,470000.0,2,2,"1355 Winter St, White Rock, BC, Canada",1040.0,1,1874.0,432.0,1980.0,Condo,13/06/2022,2022-06-05,449900.0
R2656337,914286.0,2,2,"1160 Oxford St, White Rock, BC, Canada",1511.0,2,3795.0,605.0,2017.0,Townhouse,12/06/2022,2022-02-22,915000.0
R2683990,396000.0,2,1,"1429 Merklin St, White Rock, BC, Canada",839.0,1,1543.0,475.0,1974.0,Condo,13/06/2022,2022-05-01,399000.0
R2699995,670000.0,2,2,"1378 Fir St, White Rock, BC, Canada",1406.0,1,2282.0,467.0,1987.0,Condo,15/06/2022,2022-06-14,658000.0
R2690986,1075000.0,2,2,"14847 Marine Dr, White Rock, BC, Canada",1461.0,1,3274.0,738.0,1985.0,Townhouse,27/06/2022,2022-05-19,1079000.0
R2698257,1669000.0,2,2,"919 Cypress St, White Rock, BC, Canada",1660.0,3,5511.0,1083.0,1992.0,SingleFamily,01/07/2022,2022-06-08,1798000.0
R2697868,1100008.0,3,2,"1321 Fir St, White Rock, BC, Canada",1401.0,2,4239.0,856.0,2014.0,Townhouse,30/06/2022,2022-06-08,1199800.0
R2676699,700000.0,1,1,"1473 Johnston Rd, White Rock, BC, Canada",787.0,2,2758.0,902.0,2008.0,Condo,27/06/2022,2022-04-18,710000.0
R2704176,429900.0,1,1,"1561 Vidal St, White Rock, BC, Canada",710.0,1,1525.0,605.0,1974.0,Condo,29/06/2022,2022-06-26,429900.0
R2688714,487500.0,2,2,"1442 Foster St, White Rock, BC, Canada",1213.0,1,2065.0,412.0,1981.0,Condo,27/06/2022,2022-05-18,499900.0
R2710654,920000.0,2,2,"1220 Fir St, White Rock, BC, Canada",1223.0,1,2608.0,756.0,1987.0,Condo,21/07/2022,2022-07-18,925000.0
R2706800,726000.0,2,2,"1333 Winter St, White Rock, BC, Canada",990.0,1,3381.0,747.0,2013.0,Condo,18/07/2022,2022-07-05,739900.0
R2705979,470000.0,2,1,"1330 Martin St, White Rock, BC, Canada",908.0,1,1668.0,501.0,1973.0,Condo,19/07/2022,2022-07-05,455000.0
R2697144,980000.0,3,2,"14985 Victoria Ave, White Rock, BC, Canada",1791.0,2,3532.0,600.0,1980.0,Townhouse,16/07/2022,2022-06-06,1075000.0
R2708706,1438000.0,3,2,"15556 Roper Ave, White Rock, BC, Canada",2013.0,4,4902.0,744.0,1984.0,SingleFamily,17/07/2022,2022-07-10,1499000.0
R2697460,510000.0,2,2,"1449 Merklin St, White Rock, BC, Canada",1265.0,1,2898.0,410.0,1982.0,Condo,21/07/2022,2022-06-01,519900.0
R2712907,1450000.0,4,3,"15559 Thrift Ave, White Rock, BC, Canada",2587.0,2,6014.0,579.0,2007.0,SingleFamily,17/08/2022,2022-07-26,1499000.0
R2710935,422000.0,2,1,"1448 Fir St, White Rock, BC, Canada",823.0,1,1777.0,534.0,1973.0,Condo,10/08/2022,2022-07-19,439800.0
R2715413,430000.0,0,1,"15152 Russell Ave, White Rock, BC, Canada",522.0,1,1516.0,840.0,2007.0,Condo,09/08/2022,2022-08-07,439000.0
R2711890,900100.0,3,2,"1456 Everall St, White Rock, BC, Canada",1532.0,2,3690.0,607.0,2011.0,Townhouse,07/08/2022,2022-07-24,930000.0
R2901909,504000.0,2,1,"1588 Best St, White Rock, BC, Canada",860.0,1,2185.0,591.0,1997.0,Condo,06/07/2024,2024-07-01,509000.0
R2715589,665000.0,2,2,"15875 Marine Dr, White Rock, BC, Canada",1040.0,1,2420.0,643.0,1989.0,Condo,16/08/2022,2022-08-08,669000.0
R2717489,2580000.0,6,6,"15421 Royal Ave, White Rock, BC, Canada",4124.0,9,10186.0,652.0,2006.0,SingleFamily,08/09/2022,2022-08-15,2690000.0
R2718415,420000.0,1,1,"1554 George St, White Rock, BC, Canada",733.0,1,1464.0,586.0,1975.0,Condo,06/09/2022,2022-08-21,429999.0
R2703978,385000.0,1,1,"1544 Fir St, White Rock, BC, Canada",761.0,1,1400.0,524.0,1973.0,Condo,05/09/2022,2022-06-26,399000.0
R2740591,490000.0,2,2,"1521 Blackwood St, White Rock, BC, Canada",1005.0,1,1771.0,492.0,1981.0,Condo,12/12/2022,2022-11-28,494900.0
R2719804,506000.0,1,1,"1153 Vidal St, White Rock, BC, Canada",856.0,1,2041.0,619.0,1996.0,Condo,07/09/2022,2022-08-31,529900.0
R2704936,738000.0,2,2,"14033 Marine Dr, White Rock, BC, Canada",1144.0,2,2551.0,663.0,1973.0,Townhouse,06/09/2022,2022-06-29,759000.0
R2727119,465000.0,2,2,"15080 Prospect Ave, White Rock, BC, Canada",1095.0,1,2309.0,410.0,1984.0,Condo,01/10/2022,2022-09-28,449000.0
R2691073,900000.0,2,2,"14965 Marine Dr, White Rock, BC, Canada",1400.0,1,3475.0,712.0,1993.0,Condo,29/09/2022,2022-05-18,998000.0
R2721321,730000.0,2,2,"1160 Oxford St, White Rock, BC, Canada",980.0,1,2887.0,765.0,2017.0,Condo,03/10/2022,2022-09-06,749900.0
R2686503,435000.0,2,1,"1320 Fir St, White Rock, BC, Canada",936.0,1,1597.0,478.0,9999.0,Condo,02/10/2022,2022-05-08,448000.0
R2699536,1800000.0,3,3,"14638 Bellevue Cres, White Rock, BC, Canada",3057.0,5,9921.0,702.0,1939.0,SingleFamily,28/09/2022,2022-06-14,2149000.0
R2719914,481500.0,1,1,"1588 Best St, White Rock, BC, Canada",825.0,2,1949.0,605.0,1996.0,Condo,03/10/2022,2022-08-30,499900.0
R2701521,539900.0,1,1,"14022 N Bluff Rd, White Rock, BC, Canada",580.0,2,1865.0,930.0,2020.0,Condo,25/10/2022,2022-06-19,539900.0
R2732284,499000.0,2,2,"1533 Best St, White Rock, BC, Canada",1056.0,1,2084.0,473.0,1992.0,Condo,24/10/2022,2022-10-18,499999.0
R2718603,452000.0,2,2,"14957 Thrift Ave, White Rock, BC, Canada",1121.0,1,2166.0,445.0,1984.0,Condo,24/10/2022,2022-08-19,499000.0
R2729165,410000.0,2,2,"15111 Russell Ave, White Rock, BC, Canada",1149.0,1,1862.0,382.0,1992.0,Condo,25/10/2022,2022-10-04,439000.0
R2734289,1100000.0,2,2,"1473 Johnston Rd, White Rock, BC, Canada",1180.0,2,3607.0,922.0,2008.0,Condo,29/10/2022,2022-10-25,1088000.0
R2725585,790000.0,2,2,"1333 Winter St, White Rock, BC, Canada",984.0,1,3095.0,832.0,2013.0,Condo,28/10/2022,2022-09-21,819000.0
R2735016,775000.0,2,2,"14830 Beachview Ave, White Rock, BC, Canada",1148.0,1,2513.0,695.0,1985.0,Townhouse,01/11/2022,2022-11-01,799000.0
R2740377,305000.0,1,1,"15111 Russell Ave, White Rock, BC, Canada",693.0,1,1683.0,518.0,1989.0,Condo,05/12/2022,2022-11-27,359000.0
R2734891,478800.0,2,2,"1273 Merklin St, White Rock, BC, Canada",1024.0,1,2098.0,467.0,1990.0,Condo,12/12/2022,2022-10-31,478800.0
R2741468,692000.0,2,2,"1480 Foster St, White Rock, BC, Canada",1218.0,1,2418.0,572.0,1976.0,Condo,07/12/2022,2022-12-04,697500.0
R2740520,876000.0,2,2,"15152 Russell Ave, White Rock, BC, Canada",1346.0,2,3529.0,661.0,2008.0,Condo,14/12/2022,2022-11-27,890000.0
R2721022,700000.0,3,2,"15367 Buena Vista Ave, White Rock, BC, Canada",1548.0,2,3163.0,515.0,1990.0,Condo,03/12/2022,2022-09-06,798000.0
R2733507,1960000.0,5,4,"1167 Keil Cres, White Rock, BC, Canada",3496.0,2,8803.0,600.0,1973.0,SingleFamily,12/12/2022,2022-10-23,2099000.0
R2738767,435000.0,2,2,"15130 Roper Ave, White Rock, BC, Canada",1130.0,1,1972.0,406.0,1986.0,Condo,08/12/2022,2022-11-17,459000.0
R2744108,500000.0,1,2,"1442 Foster St, White Rock, BC, Canada",1256.0,1,2157.0,397.0,1986.0,Condo,11/01/2023,2023-01-04,499000.0
R2745927,589000.0,2,2,"1264 Merklin St, White Rock, BC, Canada",1236.0,1,2784.0,484.0,1993.0,Condo,12/01/2023,2023-01-11,599000.0
R2744161,500000.0,1,1,"1153 Vidal St, White Rock, BC, Canada",884.0,1,2081.0,587.0,1996.0,Condo,11/01/2023,2023-01-04,519000.0
R2734885,512500.0,1,1,"1455 George St, White Rock, BC, Canada",629.0,1,2026.0,834.0,2013.0,Condo,10/01/2023,2022-10-30,524900.0
R2745386,2650000.0,2,3,"1551 Foster St, White Rock, BC, Canada",5191.0,4,9619.0,568.0,2004.0,Condo,13/01/2023,2023-01-10,2950000.0
R2744540,523000.0,2,2,"1450 Merklin St, White Rock, BC, Canada",1302.0,2,2167.0,403.0,1990.0,Condo,11/01/2023,2023-01-10,525000.0
R2737710,1275000.0,1,1,"14500 Magdalen Cres, White Rock, BC, Canada",1470.0,4,8637.0,952.0,1950.0,SingleFamily,11/01/2023,2022-11-09,1399900.0
R2709182,730000.0,3,3,"15213 Pacific Ave, White Rock, BC, Canada",1755.0,1,2840.0,455.0,1993.0,Condo,31/01/2023,2022-07-11,799000.0
R2749208,720000.0,2,2,"14824 N Bluff Rd, White Rock, BC, Canada",1031.0,1,2631.0,715.0,2007.0,Condo,01/02/2023,2023-01-29,738000.0
R2747704,499000.0,2,1,"1526 George St, White Rock, BC, Canada",900.0,1,1837.0,566.0,1979.0,Condo,31/01/2023,2023-01-22,510000.0
R2748610,780000.0,2,2,"14824 N Bluff Rd, White Rock, BC, Canada",1252.0,2,3249.0,638.0,2007.0,Condo,01/02/2023,2023-01-29,799900.0
R2729263,1515000.0,4,2,"15031 Buena Vista Ave, White Rock, BC, Canada",2077.0,4,6258.0,764.0,1976.0,MultiFamily,01/02/2023,2022-10-05,1588000.0
R2747187,590000.0,2,2,"820 Habgood St, White Rock, BC, Canada",1082.0,1,2235.0,553.0,1991.0,Condo,31/01/2023,2023-01-18,599000.0
R2746066,650000.0,2,2,"15233 Pacific Ave, White Rock, BC, Canada",1452.0,1,2515.0,454.0,1993.0,Condo,31/01/2023,2023-01-14,660000.0
R2740031,1480000.0,5,3,"15481 Victoria Ave, White Rock, BC, Canada",2369.0,4,6617.0,653.0,9999.0,SingleFamily,31/01/2023,2022-11-27,1549000.0
R2753616,2388000.0,7,6,"15093 Buena Vista Ave, White Rock, BC, Canada",3959.0,4,9774.0,628.0,2006.0,SingleFamily,16/02/2023,2023-02-15,2488000.0
R2746196,501000.0,2,2,"1353 Vidal St, White Rock, BC, Canada",1027.0,0,1890.0,506.0,1985.0,Condo,16/02/2023,2023-01-16,520000.0
R2752596,599000.0,2,2,"1576 Merklin St, White Rock, BC, Canada",1067.0,1,2115.0,561.0,1994.0,Condo,15/02/2023,2023-02-09,599000.0
R2739786,2100000.0,4,4,"15212 Columbia Ave, White Rock, BC, Canada",2921.0,6,8821.0,770.0,1979.0,SingleFamily,16/02/2023,2022-11-22,2249900.0
R2732899,900000.0,2,1,"942 Lee St, White Rock, BC, Canada",560.0,0,5019.0,1783.0,9999.0,SingleFamily,17/02/2023,2022-10-19,999000.0
R2745425,1710000.0,2,2,"15445 Vine Ave, White Rock, BC, Canada",1995.0,2,6079.0,871.0,2005.0,Condo,16/02/2023,2023-01-11,1738000.0
R2754411,837000.0,2,2,"1551 Foster St, White Rock, BC, Canada",1227.0,0,2836.0,732.0,2005.0,Condo,07/03/2023,2023-02-20,899000.0
R2751059,1150000.0,2,1,"887 Lee St, White Rock, BC, Canada",888.0,6,5109.0,1349.0,1974.0,SingleFamily,09/03/2023,2023-02-05,1198000.0
R2740396,649800.0,2,2,"1442 Foster St, White Rock, BC, Canada",1235.0,1,2589.0,526.0,1985.0,Condo,09/03/2023,2022-11-27,649800.0
R2749834,920000.0,2,2,"14955 Victoria Ave, White Rock, BC, Canada",1101.0,2,3915.0,876.0,2013.0,Condo,11/03/2023,2023-02-01,964800.0
R2758060,2830000.0,5,5,"14495 Saturna Dr, White Rock, BC, Canada",5689.0,4,10682.0,507.0,2017.0,SingleFamily,11/03/2023,2023-03-06,2888000.0
R2762140,799000.0,2,2,"1473 Johnston Rd, White Rock, BC, Canada",954.0,1,2844.0,837.0,2009.0,Condo,26/03/2023,2023-03-22,799000.0
R2762047,1690000.0,4,3,"13654 Malabar Ave, White Rock, BC, Canada",3005.0,5,6641.0,565.0,1973.0,SingleFamily,26/03/2023,2023-03-21,1699999.0
R2753068,399000.0,2,1,"1561 Vidal St, White Rock, BC, Canada",987.0,1,1810.0,404.0,1974.0,Condo,25/03/2023,2023-02-13,399000.0
R2761970,2110000.0,4,2,"15836 Thrift Ave, White Rock, BC, Canada",2999.0,7,7876.0,716.0,2017.0,SingleFamily,26/03/2023,2023-03-22,2150000.0
R2750812,519500.0,2,2,"1480 Vidal St, White Rock, BC, Canada",1052.0,1,1848.0,503.0,1981.0,Condo,26/03/2023,2023-02-05,529900.0
R2758616,1190000.0,2,1,"15025 Victoria Ave, White Rock, BC, Canada",1156.0,1,3800.0,1037.0,1986.0,Condo,25/03/2023,2023-03-09,1199000.0
R2753755,1190000.0,2,1,"13726 N Bluff Rd, White Rock, BC, Canada",1188.0,3,5361.0,1094.0,1966.0,SingleFamily,27/03/2023,2023-02-15,1299999.0
R2753398,570000.0,2,2,"15111 Russell Ave, White Rock, BC, Canada",1108.0,1,2230.0,541.0,1988.0,Condo,25/03/2023,2023-02-15,599900.0
R2764415,645000.0,1,1,"1160 Oxford St, White Rock, BC, Canada",753.0,1,2277.0,863.0,2017.0,Condo,05/04/2023,2023-04-02,650000.0
R2754514,2800000.0,5,5,"1080 Ewson St, White Rock, BC, Canada",5032.0,6,10768.0,595.0,2011.0,SingleFamily,05/04/2023,2023-02-27,2999000.0
R2764419,395000.0,2,1,"1555 Fir St, White Rock, BC, Canada",958.0,1,1575.0,417.0,1973.0,Condo,04/04/2023,2023-03-31,399900.0
R2764219,502500.0,2,2,"1569 Everall St, White Rock, BC, Canada",1263.0,1,2136.0,395.0,1993.0,Condo,04/04/2023,2023-03-29,499900.0
R2763259,789000.0,2,2,"15941 Marine Dr, White Rock, BC, Canada",1278.0,1,2975.0,617.0,1992.0,Condo,07/04/2023,2023-03-27,789000.0
R2751252,1775000.0,3,2,"1324 High St, White Rock, BC, Canada",2124.0,3,6883.0,860.0,1978.0,SingleFamily,07/04/2023,2023-02-06,1828000.0
R2762806,512000.0,2,1,"1341 Foster St, White Rock, BC, Canada",1062.0,1,1794.0,482.0,1977.0,Condo,06/04/2023,2023-04-02,512000.0
R2766394,730000.0,2,2,"1442 Foster St, White Rock, BC, Canada",1508.0,2,2746.0,464.0,1986.0,Condo,19/04/2023,2023-04-10,699800.0
R2767946,647000.0,2,1,"14881 Marine Dr, White Rock, BC, Canada",909.0,1,2319.0,712.0,1973.0,Condo,17/04/2023,2023-04-12,648000.0
R2753957,2000000.0,2,1,"853 Lee St, White Rock, BC, Canada",800.0,3,5493.0,2686.0,1968.0,SingleFamily,19/04/2023,2023-02-20,2149000.0
R2761986,1150000.0,2,2,"1160 Oxford St, White Rock, BC, Canada",1520.0,2,4458.0,788.0,2017.0,Condo,20/04/2023,2023-04-10,1199000.0
R2768411,1110000.0,2,2,"14855 Thrift Ave, White Rock, BC, Canada",1169.0,2,4245.0,940.0,2015.0,Condo,17/04/2023,2023-04-13,1099000.0
R2769077,958000.0,2,2,"15139 Buena Vista Ave, White Rock, BC, Canada",1388.0,1,3583.0,690.0,1988.0,Condo,18/04/2023,2023-04-17,958000.0
R2747189,550000.0,2,1,"1480 Foster St, White Rock, BC, Canada",1258.0,1,2397.0,452.0,1976.0,Condo,17/04/2023,2023-01-18,569000.0
R2765391,2505000.0,5,3,"15548 Royal Ave, White Rock, BC, Canada",3224.0,8,11802.0,821.0,1981.0,SingleFamily,19/04/2023,2023-04-03,2648000.0
R2760698,741000.0,2,2,"15213 Pacific Ave, White Rock, BC, Canada",1149.0,1,2476.0,652.0,1993.0,Condo,29/04/2023,2023-03-14,749900.0
R2756293,3058800.0,6,4,"14381 Marine Dr, White Rock, BC, Canada",4789.0,4,11321.0,667.0,2006.0,SingleFamily,29/04/2023,2023-02-28,3198000.0
R2760038,702000.0,2,2,"15154 Roper Ave, White Rock, BC, Canada",1301.0,1,2504.0,545.0,1998.0,Townhouse,29/04/2023,2023-03-14,710000.0
R2769281,1750000.0,3,2,"1150 Oxford St, White Rock, BC, Canada",1556.0,2,4490.0,1188.0,2017.0,Condo,27/04/2023,2023-04-17,1850000.0
R2770412,560000.0,2,2,"1488 Merklin St, White Rock, BC, Canada",1211.0,2,2200.0,454.0,1991.0,Condo,28/04/2023,2023-04-20,549800.0
R2765425,524000.0,2,1,"15466 N Bluff Rd, White Rock, BC, Canada",1148.0,1,1919.0,456.0,1996.0,Condo,28/04/2023,2023-04-05,524000.0
R2770872,1950000.0,4,2,"1055 Fir St, White Rock, BC, Canada",2370.0,4,7873.0,826.0,1978.0,SingleFamily,28/04/2023,2023-04-23,1958000.0
R2768229,2950000.0,5,3,"15340 Columbia Ave, White Rock, BC, Canada",3810.0,6,10975.0,839.0,2008.0,SingleFamily,08/05/2023,2023-04-16,3198000.0
R2767362,968800.0,2,2,"1160 Oxford St, White Rock, BC, Canada",1430.0,2,3480.0,677.0,2017.0,Condo,08/05/2023,2023-04-11,968800.0
R2867717,3550000.0,2,2,"15165 Thrift Ave, White Rock, BC, Canada",2701.0,2,19455.0,1473.0,2020.0,Condo,10/06/2024,2024-04-07,3980000.0
